com.samsung.shealth.sleep_combined,7006003,8
total_sleep_time_weight,original_efficiency,create_sh_ver,start_time,mental_recovery,wake_score,factor_01,factor_02,factor_03,factor_04,factor_05,factor_06,factor_07,factor_08,factor_09,factor_10,deep_score,latency_weight,has_sleep_data,sleep_efficiency_with_latency,total_rem_duration,modify_sh_ver,update_time,nap_score,create_time,client_data_id,sleep_type,data_version,latency_score,deep_weight,rem_weight,physical_recovery,original_wake_up_time,client_data_ver,movement_awakening,original_bed_time,goal_bed_time,quality,time_offset,extra_data,wake_weight,deviceuuid,rem_score,goal_wake_up_time,sleep_cycle,total_light_duration,efficiency,sleep_score,pkg_name,sleep_duration,stage_analyzed_type,end_time,datauuid,stage_analysis_type,total_sleep_time_score
,,62701610,2024-07-27 17:29:00.000,62.0,,94,104,19,3,54,494,320,0,33,,,,0,,35,62701610,2024-07-28 03:05:59.922,,2024-07-28 03:05:59.922,,,9,,,,96.0,,,24.0,,,,UTC+0530,,,aqfQc5yGC4,,,2,301,88.0,79,com.sec.android.app.shealth,494,2,2024-07-28 03:03:00.000,c21050f0-8e40-443d-964a-601358ff8422,,,
,,62701610,2024-07-30 17:55:00.000,88.0,,64,89,15,1,53,505,253,0,22,,,,0,,89,62701610,2024-07-31 03:00:41.479,,2024-07-31 03:00:41.479,,,9,,,,95.0,,,21.0,,,,UTC+0530,,,aqfQc5yGC4,,,4,274,89.0,86,com.sec.android.app.shealth,505,2,2024-07-31 03:00:00.000,5e23ad8b-4b74-43ff-bf0a-eb9ca4da7f00,,,
,,62701610,2024-08-06 17:20:00.000,92.0,,47,65,15,1,41,524,234,0,18,,,,0,,110,62701610,2024-08-07 02:25:36.243,,2024-08-07 02:25:36.243,,,9,,,,92.0,,,18.0,,,,UTC+0530,,,aqfQc5yGC4,,,3,308,92.0,82,com.sec.android.app.shealth,524,2,2024-08-07 02:25:00.000,95330df8-0a4d-47bd-a168-8e86c2c7c24d,,,
,,62710150,2024-08-12 17:19:00.000,66.0,,14,81,18,3,41,428,106,0,14,,,,0,,46,62710150,2024-08-13 02:07:34.453,,2024-08-13 02:07:34.453,,,9,,,,92.0,,,30.0,,,,UTC+0530,,,aqfQc5yGC4,,,3,260,90.0,83,com.sec.android.app.shealth,428,2,2024-08-13 02:07:00.000,1fd2b0c8-7c3f-49a2-b7f7-22829feff2fe,,,
,,62720090,2024-09-02 16:32:00.000,81.0,,75,75,63,0,70,495,397,0,53,,,,0,,71,62720090,2024-09-03 01:48:31.992,,2024-09-03 01:48:31.992,,,9,,,,91.0,,,41.0,,,,UTC+0530,,,aqfQc5yGC4,,,3,279,85.0,81,com.sec.android.app.shealth,495,2,2024-09-03 01:08:00.000,86b70260-80c9-40da-a236-acec38e7b4af,,,
,,62720090,2024-09-15 17:07:00.000,88.0,,37,77,4,0,63,454,114,0,46,,,,0,,95,62720090,2024-09-16 01:16:26.251,,2024-09-16 01:16:26.251,,,9,,,,90.0,,,28.0,,,,UTC+0530,,,aqfQc5yGC4,,,3,219,86.0,88,com.sec.android.app.shealth,454,2,2024-09-16 00:51:00.000,1f9d80a2-c892-4076-862c-2f23c4ab0efa,,,
,,62720090,2024-09-16 17:43:00.000,90.0,,42,47,5,2,55,478,146,0,34,,,,0,,100,62720090,2024-09-17 02:24:01.392,,2024-09-17 02:24:01.392,,,9,,,,80.0,,,23.0,,,,UTC+0530,,,aqfQc5yGC4,,,3,276,88.0,82,com.sec.android.app.shealth,478,2,2024-09-17 01:55:30.000,532aa9f9-5b5f-4903-9fb4-cf81313aabff,,,
,,62720090,2024-09-19 17:06:00.000,89.0,,27,61,2,1,29,467,84,0,14,,,,0,,93,62720090,2024-09-20 01:58:22.201,,2024-09-20 01:58:22.201,,,9,,,,88.0,,,12.0,,,,UTC+0530,,,aqfQc5yGC4,,,5,284,93.0,85,com.sec.android.app.shealth,467,2,2024-09-20 01:50:00.000,9057ad48-6059-4e37-b18e-8e466cb3a2b5,,,
,,62720090,2024-09-28 17:40:00.000,90.0,,94,134,19,1,29,505,402,0,14,,,,0,,95,62720090,2024-09-29 03:15:27.729,,2024-09-29 03:15:27.729,,,9,,,,98.0,,,13.0,,,,UTC+0530,,,aqfQc5yGC4,,,7,247,94.0,84,com.sec.android.app.shealth,505,2,2024-09-29 03:02:30.000,77d96182-27cd-428b-a77c-6c9a6e493195,,,
,,62720090,2024-09-30 17:47:00.000,93.0,,47,51,13,0,25,479,335,0,4,,,,0,,112,62720090,2024-10-01 02:21:33.720,,2024-10-01 02:21:33.720,,,9,,,,86.0,,,10.0,,,,UTC+0530,,,aqfQc5yGC4,,,4,291,94.0,86,com.sec.android.app.shealth,479,2,2024-10-01 02:20:00.000,1824a730-d67c-4365-98a2-71bf7dd4cda8,,,
,,62720090,2024-10-02 18:37:00.000,61.0,,44,56,11,0,51,434,206,0,34,,,,0,,41,62720090,2024-10-03 02:34:19.971,,2024-10-03 02:34:19.971,,,9,,,,81.0,,,25.0,,,,UTC+0530,,,aqfQc5yGC4,,,3,286,88.0,73,com.sec.android.app.shealth,434,2,2024-10-03 02:14:00.000,2a16c5fb-8672-4fe2-8b66-11bf2ee3babe,,,
,,62720090,2024-10-23 17:01:00.000,84.0,,42,59,52,1,86,524,292,0,63,,,,0,,77,62720090,2024-10-24 02:17:58.657,,2024-10-24 02:17:58.657,,,9,,,,87.0,,,46.0,,,,UTC+0530,,,aqfQc5yGC4,,,4,302,83.0,73,com.sec.android.app.shealth,524,2,2024-10-24 02:08:00.000,010ee0e8-17a4-4db3-8e17-0bb83d4b7c19,,,
,,62810050,2024-10-27 16:19:00.000,87.0,,21,67,12,1,50,516,108,0,22,,,,0,,86,62810050,2024-10-28 01:49:49.419,,2024-10-28 01:49:49.419,,,9,,,,92.0,,,25.0,,,,UTC+0530,,,aqfQc5yGC4,,,3,313,90.0,77,com.sec.android.app.shealth,516,2,2024-10-28 01:42:30.000,9a1524c1-48b4-449e-9bde-b7fa73aec217,,,
,,62820030,2024-11-21 16:40:00.000,94.0,,92,92,28,1,58,528,245,0,33,,,,0,,129,62820030,2024-11-22 01:51:38.066,,2024-11-22 01:51:38.066,,,9,,,,96.0,,,29.0,,,,UTC+0530,,,aqfQc5yGC4,,,5,249,89.0,90,com.sec.android.app.shealth,528,2,2024-11-22 01:33:30.000,54ad4be3-25c1-46dc-875b-8706ee210318,,,
,,62850050,2025-01-01 17:54:00.000,50.0,,62,75,14,0,19,428,327,0,3,,,,0,,20,62850050,2025-01-02 02:04:15.736,,2025-01-02 02:04:15.736,,,9,,,,92.0,,,10.0,,,,UTC+0530,,,aqfQc5yGC4,,,1,314,95.0,83,com.sec.android.app.shealth,428,2,2025-01-02 02:01:00.000,0909d142-17f5-488d-b833-14234b784de5,,,
,,62850050,2025-01-08 17:46:00.000,86.0,,48,59,7,0,18,462,275,0,4,,,,0,,77,62850050,2025-01-09 01:57:04.343,,2025-01-09 01:57:04.343,,,9,,,,89.0,,,8.0,,,,UTC+0530,,,aqfQc5yGC4,,,3,308,95.0,84,com.sec.android.app.shealth,462,2,2025-01-09 01:57:00.000,d807bd96-377b-4058-809e-103b8afdf6b1,,,
,,62900750,2025-01-19 16:55:00.000,79.0,,85,85,24,0,43,495,342,0,26,,,,0,,62,62900750,2025-01-20 01:46:28.579,,2025-01-20 01:46:28.579,,,9,,,,94.0,,,21.0,,82800000,,UTC+0530,,,aqfQc5yGC4,,25200000,3,305,91.0,86,com.sec.android.app.shealth,495,2,2025-01-20 01:41:00.000,946efa47-9a6e-4816-88fb-3ef5e76cc5d2,,,
,,62900750,2025-01-26 17:42:00.000,86.0,,60,60,29,0,33,440,381,0,13,,,,0,,82,62900750,2025-01-27 02:30:05.160,,2025-01-27 02:30:05.160,,,9,,,,86.0,,,18.0,,82800000,,UTC+0530,,,aqfQc5yGC4,,25200000,5,265,92.0,80,com.sec.android.app.shealth,440,2,2025-01-27 02:30:00.000,cfb34aba-f27c-4f5f-8693-05bd520cc1f7,,,
,,62900750,2025-01-28 16:36:00.000,59.0,,2,2,5,1,27,426,183,0,4,,,,0,,33,62900750,2025-01-29 00:07:57.291,,2025-01-29 00:07:57.291,,,9,,,,39.0,,,10.0,,82800000,,UTC+0530,,,aqfQc5yGC4,,25200000,2,364,93.0,66,com.sec.android.app.shealth,426,2,2025-01-29 00:07:00.000,1c14f729-e38c-48df-8071-be5f6179ee68,,,
,,62900750,2025-02-03 17:27:00.000,71.0,,28,43,9,0,43,458,101,0,22,,,,0,,51,62900750,2025-02-04 02:35:05.914,,2025-02-04 02:35:05.914,,,9,,,,77.0,,,23.0,,82800000,,UTC+0530,,,aqfQc5yGC4,,25200000,3,321,90.0,75,com.sec.android.app.shealth,458,2,2025-02-04 02:26:30.000,c8bba50a-79f1-4136-902b-851ed7c24e92,,,
,,62930070,2025-03-16 17:09:00.000,70.0,,41,76,17,3,41,462,266,0,8,,,,0,,49,62930070,2025-03-17 01:33:58.105,,2025-03-17 01:33:58.105,,,9,,,,93.0,,,17.0,,82800000,,UTC+0530,,,aqfQc5yGC4,,25200000,2,296,91.0,84,com.sec.android.app.shealth,462,2,2025-03-17 01:19:30.000,706b9999-03b1-454d-8756-f2edbc29b476,,,
,,62930070,2025-03-21 18:38:00.000,83.0,,0,94,1,0,26,389,21,0,11,,,,0,,74,62930070,2025-03-22 01:24:41.636,,2025-03-22 01:24:41.636,,,9,,,,93.0,,,14.0,,82800000,,UTC+0530,,,aqfQc5yGC4,,25200000,6,195,93.0,77,com.sec.android.app.shealth,389,2,2025-03-22 01:24:00.000,1e47807b-ef78-487c-bf68-3d23da79766a,,,
,,62930070,2025-03-27 17:56:00.000,65.0,,32,65,2,0,16,340,77,0,3,,,,0,,42,62930070,2025-03-28 01:30:30.392,,2025-03-28 01:30:30.392,,,9,,,,83.0,,,8.0,,82800000,,UTC+0530,,,aqfQc5yGC4,,25200000,2,217,95.0,75,com.sec.android.app.shealth,340,2,2025-03-28 01:24:00.000,d303c4db-6262-46d3-a9f0-1cb0d3d3615e,,,
,,62930070,2025-03-30 17:32:00.000,80.0,,104,104,21,0,25,527,484,0,6,,,,0,,57,62930070,2025-03-31 02:34:25.984,,2025-03-31 02:34:25.984,,,9,,,,97.0,,,10.0,,82800000,,UTC+0530,,,aqfQc5yGC4,,25200000,3,341,95.0,88,com.sec.android.app.shealth,527,2,2025-03-31 02:29:00.000,8a8e0fc3-8cda-4ac1-813c-eb724c9e3109,,,
,,62950170,2025-04-30 17:18:00.000,82.0,,37,69,6,0,27,441,106,0,12,,,,0,,70,62950170,2025-05-01 02:01:59.012,,2025-05-01 02:01:59.012,,,9,,,,90.0,,,15.0,,82800000,,UTC+0530,,,aqfQc5yGC4,,25200000,3,275,93.0,89,com.sec.android.app.shealth,441,2,2025-05-01 01:29:00.000,0a3082b4-34d7-4a7e-9867-654f2134a813,,,
,,62950170,2025-05-09 16:01:00.000,49.0,,15,21,83,0,153,541,228,0,120,,,,0,,11,62950170,2025-05-10 02:19:33.379,,2025-05-10 02:19:33.379,,,9,,,,63.0,,,87.0,,82800000,,UTC+0530,,,aqfQc5yGC4,,25200000,2,356,71.0,58,com.sec.android.app.shealth,541,2,2025-05-10 02:08:00.000,ce51dbbc-2621-49ac-88c4-70924e87bfcb,,,
,,62950170,2025-05-10 17:39:00.000,83.0,,42,71,11,1,28,473,305,0,3,,,,0,,71,62950170,2025-05-11 01:58:48.326,,2025-05-11 01:58:48.326,,,9,,,,93.0,,,10.0,,82800000,,UTC+0530,,,aqfQc5yGC4,,25200000,4,303,94.0,88,com.sec.android.app.shealth,473,2,2025-05-11 01:58:00.000,11be1a07-4abc-4136-87ed-e255bd724705,,,
,,62950170,2025-05-13 17:03:00.000,73.0,,19,24,33,0,86,494,209,0,64,,,,0,,55,62950170,2025-05-14 02:08:41.257,,2025-05-14 02:08:41.257,,,9,,,,61.0,,,47.0,,82800000,,UTC+0530,,,aqfQc5yGC4,,25200000,4,329,82.0,69,com.sec.android.app.shealth,494,2,2025-05-14 01:57:00.000,f95d1203-e0b3-470f-8d83-9fe0a64464de,,,
,,62950170,2025-05-14 17:32:00.000,46.0,,26,53,3,0,46,479,90,0,15,,,,0,,9,62950170,2025-05-15 02:23:18.243,,2025-05-15 02:23:18.243,,,9,,,,86.0,,,16.0,,82800000,,UTC+0530,,,aqfQc5yGC4,,25200000,1,371,90.0,72,com.sec.android.app.shealth,479,2,2025-05-15 02:08:00.000,5f8a4519-d53a-4d93-9db5-c65a5a3d0e56,,,
,,62950170,2025-05-21 17:28:00.000,91.0,,59,92,5,3,22,480,231,0,0,,,,0,,99,62950170,2025-05-22 01:56:41.691,,2025-05-22 01:56:41.691,,,9,,,,96.0,,,7.0,,82800000,,UTC+0530,,,aqfQc5yGC4,,25200000,5,267,95.0,96,com.sec.android.app.shealth,480,2,2025-05-22 01:56:00.000,7c92afab-a799-47b5-ac6a-1ee41ad5a97e,,,
34,,63010030,2025-06-22 17:20:00.000,95.0,7,50,97,9,1,64,493,152,0,51,,12,16,0,85,136,63010030,2025-06-23 01:42:41.517,,2025-06-23 01:42:41.517,,,10,9,15,23,95.0,,,31.0,,82800000,,UTC+0530,,12,w4dMr03254,19,25200000,4,196,87.0,77,com.sec.android.app.shealth,493,2,2025-06-23 01:42:00.000,740db96f-9ff7-4f9f-a991-82f40f4e1757,,30,
34,,63010030,2025-06-25 17:51:00.000,83.0,5,51,88,0,2,30,395,100,0,62,,11,16,0,79,79,63010030,2025-06-26 01:23:16.663,,2025-06-26 01:23:16.663,,,10,16,15,23,92.0,,,33.0,,82800000,,UTC+0530,,12,w4dMr03254,18,25200000,4,198,93.0,72,com.sec.android.app.shealth,395,2,2025-06-26 01:23:00.000,70f2c67e-bff3-4801-81d1-57aaaa86ddc8,,22,
34,,63020270,2025-06-30 17:16:00.000,93.0,6,24,104,9,5,44,478,98,0,63,,12,16,0,83,122,63020270,2025-07-01 01:51:49.306,,2025-07-01 01:51:49.306,,,10,15,15,23,96.0,,,38.0,,82800000,,UTC+0530,,12,w4dMr03254,19,25200000,4,208,91.0,81,com.sec.android.app.shealth,478,2,2025-07-01 01:51:00.000,b4664bec-f893-4ad8-b061-68dffaa7fb13,,29,
34,,63020270,2025-07-04 17:57:00.000,92.0,4,49,92,16,0,59,468,123,0,91,,10,16,0,73,116,63020270,2025-07-05 02:32:58.741,,2025-07-05 02:32:58.741,,,10,12,15,23,95.0,,,51.0,,82800000,,UTC+0530,,12,w4dMr03254,16,25200000,5,201,89.0,69,com.sec.android.app.shealth,468,2,2025-07-05 02:32:00.000,0ba6c5ad-603d-4a5f-b267-fc720f88482c,,27,
34,,63020270,2025-07-08 17:45:00.000,89.0,7,83,126,7,2,35,434,157,0,37,,10,16,0,75,99,63020270,2025-07-09 01:27:30.823,,2025-07-09 01:27:30.823,,,10,7,15,23,97.0,,,26.0,,82800000,,UTC+0530,,12,w4dMr03254,17,25200000,7,174,93.0,70,com.sec.android.app.shealth,434,2,2025-07-09 01:27:00.000,87232ca6-8b67-44ac-ad97-406057046567,,29,
34,,63020310,2025-07-10 17:35:00.000,87.0,7,27,82,7,1,35,430,104,0,44,,11,16,0,79,92,63020310,2025-07-11 01:22:20.682,,2025-07-11 01:22:20.682,,,10,16,15,23,92.0,,,32.0,,82800000,,UTC+0530,,12,w4dMr03254,18,25200000,4,221,92.0,80,com.sec.android.app.shealth,430,2,2025-07-11 01:22:00.000,1dd7379f-2b0b-4680-ba79-edccd35fb1b4,,28,
34,,63030110,2025-07-31 16:45:00.000,83.0,6,37,59,5,2,27,414,127,0,55,,12,16,0,81,80,63030110,2025-08-01 00:34:26.384,,2025-08-01 00:34:26.384,,,10,16,15,23,84.0,,,33.0,,82800000,,UTC+0530,,12,w4dMr03254,18,25200000,4,248,94.0,78,com.sec.android.app.shealth,414,2,2025-08-01 00:34:00.000,7c3a04ed-4d68-48b1-84c4-1acf5c30b243,,26,
34,,63030110,2025-08-05 17:03:00.000,96.0,9,57,108,4,1,36,493,132,0,10,,13,16,0,91,153,63030110,2025-08-06 01:20:11.141,,2025-08-06 01:20:11.141,,,10,15,15,23,97.0,,,14.0,,82800000,,UTC+0530,,12,w4dMr03254,20,25200000,5,196,92.0,90,com.sec.android.app.shealth,493,2,2025-08-06 01:20:00.000,a7f65dd4-0501-4c26-84fb-003daaa50196,,33,
34,,63030110,2025-08-11 18:07:00.000,91.0,8,15,78,10,3,49,432,66,0,27,,12,16,0,86,106,63030110,2025-08-12 01:53:14.404,,2025-08-12 01:53:14.404,,,10,6,15,23,91.0,,,35.0,,82800000,,UTC+0530,,12,w4dMr03254,19,25200000,4,199,88.0,72,com.sec.android.app.shealth,432,2,2025-08-12 01:30:00.000,093224d5-0773-4bc0-8b57-53d4422dce41,,27,
34,,63030110,2025-08-13 17:54:00.000,89.0,8,49,92,1,2,24,429,111,0,30,,12,16,0,87,98,63030110,2025-08-14 01:29:24.041,,2025-08-14 01:29:24.041,,,10,15,15,23,94.0,,,19.0,,82800000,,UTC+0530,,12,w4dMr03254,20,25200000,5,215,94.0,85,com.sec.android.app.shealth,429,2,2025-08-14 01:29:00.000,b1939c9f-8ab1-4446-a5bc-ad7d421aa969,,30,
34,,63030110,2025-08-18 17:32:00.000,88.0,7,49,98,13,4,37,448,158,0,33,,10,16,0,74,92,63030110,2025-08-19 01:30:50.717,,2025-08-19 01:30:50.717,,,10,5,15,23,95.0,,,30.0,,82800000,,UTC+0530,,12,w4dMr03254,17,25200000,4,221,93.0,69,com.sec.android.app.shealth,448,2,2025-08-19 01:30:00.000,89cdbd33-814e-4ca3-b7aa-cf01376cac85,,30,
34,,63030110,2025-08-20 18:58:00.000,92.0,7,27,64,6,2,29,424,89,0,40,,12,16,0,81,114,63030110,2025-08-21 02:36:04.217,,2025-08-21 02:36:04.217,,,10,16,15,23,86.0,,,29.0,,82800000,,UTC+0530,,12,w4dMr03254,18,25200000,4,217,93.0,81,com.sec.android.app.shealth,424,2,2025-08-21 02:36:00.000,36d0b314-41da-4ea1-a436-5ce7078f5212,,28,
34,,63030110,2025-08-23 17:47:00.000,82.0,6,39,94,2,2,46,434,81,0,57,,11,16,0,79,76,63030110,2025-08-24 01:46:28.328,,2025-08-24 01:46:28.328,,,10,16,15,23,94.0,,,33.0,,82800000,,UTC+0530,,12,w4dMr03254,18,25200000,4,218,90.0,77,com.sec.android.app.shealth,434,2,2025-08-24 01:46:00.000,8309e670-6162-4d74-96ed-80028cfa10a1,,26,
34,,63030110,2025-08-24 17:45:00.000,93.0,8,51,84,15,4,29,453,212,0,26,,13,16,0,86,117,63030110,2025-08-25 01:50:07.986,,2025-08-25 01:50:07.986,,,10,16,15,23,93.0,,,24.0,,82800000,,UTC+0530,,12,w4dMr03254,19,25200000,4,223,93.0,88,com.sec.android.app.shealth,453,2,2025-08-25 01:43:00.000,250e443f-f7b1-4ec9-ad4c-237679ddcc9d,,32,
34,,63030110,2025-08-27 18:03:00.000,89.0,8,59,96,9,0,27,440,163,0,33,,12,16,0,85,97,63030110,2025-08-28 01:55:33.781,,2025-08-28 01:55:33.781,,,10,16,15,23,95.0,,,25.0,,82800000,,UTC+0530,,12,w4dMr03254,19,25200000,3,220,94.0,85,com.sec.android.app.shealth,440,2,2025-08-28 01:55:00.000,bb3ee77c-33e9-499b-9120-72b7f4d21860,,30,
34,,63030110,2025-08-28 17:16:00.000,89.0,7,67,68,62,2,30,469,428,0,42,,12,16,0,81,98,63030110,2025-08-29 01:42:07.971,,2025-08-29 01:42:07.971,,,10,14,15,23,90.0,,,36.0,,82800000,,UTC+0530,,12,w4dMr03254,18,25200000,2,273,94.0,82,com.sec.android.app.shealth,469,2,2025-08-29 01:42:00.000,40a07978-8c66-4ab7-a0a7-352e7e9394dc,,31,
34,,63030110,2025-09-02 17:46:00.000,94.0,6,27,70,6,4,33,448,126,0,50,,12,16,0,82,126,63030110,2025-09-03 02:03:44.637,,2025-09-03 02:03:44.637,,,10,16,15,23,90.0,,,32.0,,82800000,,UTC+0530,,12,w4dMr03254,18,25200000,5,219,93.0,82,com.sec.android.app.shealth,448,2,2025-09-03 02:03:00.000,2db9c7cf-6bca-47f7-8d8f-9f05a9170e83,,30,
34,,63030110,2025-09-04 18:04:00.000,83.0,6,34,92,5,2,37,414,96,0,49,,12,16,0,82,80,63030110,2025-09-05 01:41:16.744,,2025-09-05 01:41:16.744,,,10,9,15,23,93.0,,,33.0,,82800000,,UTC+0530,,12,w4dMr03254,18,25200000,4,205,91.0,70,com.sec.android.app.shealth,414,2,2025-09-05 01:41:00.000,59e6b957-a07c-44f9-bcaf-0fe3ea1dc6d1,,25,
34,,63030110,2025-09-08 17:11:00.000,91.0,9,36,88,0,1,47,462,94,0,16,,12,16,0,83,105,63030110,2025-09-09 00:57:57.192,,2025-09-09 00:57:57.192,,,10,16,15,23,94.0,,,15.0,,82800000,,UTC+0530,,12,w4dMr03254,19,25200000,6,222,90.0,88,com.sec.android.app.shealth,462,2,2025-09-09 00:57:00.000,fec96673-9128-482d-a8f0-89703abeb186,,32,
34,,63030110,2025-09-11 17:22:00.000,86.0,9,29,75,1,1,35,433,87,0,10,,12,16,0,81,84,63030110,2025-09-12 00:38:24.853,,2025-09-12 00:38:24.853,,,10,10,15,23,91.0,,,13.0,,82800000,,UTC+0530,,12,w4dMr03254,18,25200000,4,239,92.0,79,com.sec.android.app.shealth,433,2,2025-09-12 00:38:00.000,c8f38426-ada6-4fab-9462-8ab6148f9853,,30,
34,,63030110,2025-09-12 17:26:00.000,90.0,9,56,88,2,3,41,452,121,0,16,,12,16,0,81,99,63030110,2025-09-13 01:01:39.001,,2025-09-13 01:01:39.001,,,10,11,15,23,94.0,,,15.0,,82800000,,UTC+0530,,12,w4dMr03254,18,25200000,5,224,91.0,81,com.sec.android.app.shealth,452,2,2025-09-13 01:01:00.000,7b250f6c-a105-43be-8a65-23be23141751,,31,
34,,63030110,2025-09-13 18:17:00.000,82.0,8,34,73,6,8,42,433,94,0,24,,11,16,0,75,76,63030110,2025-09-14 02:13:18.285,,2025-09-14 02:13:18.285,,,10,7,15,23,90.0,,,26.0,,82800000,,UTC+0530,,12,w4dMr03254,16,25200000,4,242,91.0,70,com.sec.android.app.shealth,433,2,2025-09-14 01:50:00.000,15448b0e-9c4b-4fa2-9b01-2089b3fa0d88,,28,
34,,63030110,2025-09-16 17:03:00.000,92.0,7,38,80,3,3,23,442,101,0,49,,12,16,0,84,116,63030110,2025-09-17 01:14:34.808,,2025-09-17 01:14:34.808,,,10,16,15,23,92.0,,,28.0,,82800000,,UTC+0530,,12,w4dMr03254,19,25200000,4,223,95.0,84,com.sec.android.app.shealth,442,2,2025-09-17 01:14:00.000,9dff157b-f0df-4a44-ae49-4fa2568b0565,,30,
34,,63030110,2025-09-17 18:36:00.000,89.0,7,41,79,3,1,36,420,96,0,37,,12,16,0,82,98,63030110,2025-09-18 02:00:01.553,,2025-09-18 02:00:01.553,,,10,16,15,23,90.0,,,25.0,,82800000,,UTC+0530,,12,w4dMr03254,18,25200000,4,207,92.0,79,com.sec.android.app.shealth,420,2,2025-09-18 01:59:00.000,270c7c0b-7246-45ab-b7e6-e864a1ab2197,,26,
34,,63030110,2025-09-26 19:06:00.000,92.0,7,44,63,5,3,30,431,126,0,40,,12,16,0,85,117,63030110,2025-09-27 02:51:30.207,,2025-09-27 02:51:30.207,,,10,9,15,23,86.0,,,26.0,,82800000,,UTC+0530,,12,w4dMr03254,19,25200000,4,221,93.0,76,com.sec.android.app.shealth,431,2,2025-09-27 02:51:00.000,a17497da-17c4-4ca7-8531-06fce56c0249,,29,
34,,63051050,2025-10-04 17:52:00.000,96.0,12,38,86,5,0,15,445,111,0,28,,14,16,0,83,146,63051050,2025-10-05 01:41:39.349,0,2025-10-05 01:41:39.349,,,10,11,15,23,93.0,,,19.0,,82800000,,UTC+0530,,12,w4dMr03254,21,25200000,4,198,97.0,90,com.sec.android.app.shealth,445,2,2025-10-05 01:41:00.000,cb12d33d-1e4b-4c23-88f6-50c9e662c555,,32,
34,,63051050,2025-10-09 17:33:00.000,82.0,11,23,57,7,5,39,470,137,0,52,,14,16,0,84,72,63051050,2025-10-10 01:57:00.589,0,2025-10-10 01:57:00.589,,,10,16,15,23,86.0,,,30.0,,82800000,,UTC+0530,,12,w4dMr03254,19,25200000,4,302,92.0,93,com.sec.android.app.shealth,470,2,2025-10-10 01:56:00.000,987db3fc-feb2-4b64-af68-4f4b2c1e3c8d,,33,
34,,63051050,2025-10-12 17:00:00.000,93.0,12,28,77,8,4,18,432,101,0,8,,15,16,0,92,111,63051050,2025-10-13 00:16:02.950,0,2025-10-13 00:16:02.950,,,10,16,15,23,92.0,,,15.0,,82800000,,UTC+0530,,12,w4dMr03254,23,25200000,4,226,95.0,99,com.sec.android.app.shealth,432,2,2025-10-13 00:16:00.000,2e89d7f8-261d-4f9b-99c1-7081cc039a62,,33,
34,,63051050,2025-10-13 17:16:00.000,93.0,11,51,99,10,1,32,477,146,0,25,,14,16,0,88,117,63051050,2025-10-14 01:35:57.831,0,2025-10-14 01:35:57.831,,,10,15,15,23,96.0,,,23.0,,82800000,,UTC+0530,,12,w4dMr03254,22,25200000,3,229,93.0,95,com.sec.android.app.shealth,477,2,2025-10-14 01:35:00.000,5868a479-7877-416c-bb22-8d6edddff45e,,33,
34,,63051050,2025-10-15 17:14:00.000,96.0,12,40,78,6,2,25,477,135,0,15,,15,16,0,92,142,63051050,2025-10-16 01:18:22.217,0,2025-10-16 01:18:22.217,,,10,14,15,23,93.0,,,15.0,,82800000,,UTC+0530,,12,w4dMr03254,22,25200000,5,232,94.0,97,com.sec.android.app.shealth,477,2,2025-10-16 01:18:00.000,9275fd67-8e89-4fdf-a60e-5dc70f37f5a6,,34,
34,,63051050,2025-10-20 17:15:00.000,78.0,11,25,101,7,1,33,473,109,0,46,,14,16,0,80,63,63051050,2025-10-21 01:47:08.009,0,2025-10-21 01:47:08.009,,,10,15,15,23,96.0,,,30.0,,82800000,,UTC+0530,,12,w4dMr03254,16,25200000,3,276,93.0,88,com.sec.android.app.shealth,473,2,2025-10-21 01:47:00.000,484d97a2-8abf-4302-af7f-0b35228dd2ec,,32,
34,,63051050,2025-10-22 17:36:00.000,75.0,11,25,49,7,3,42,439,101,0,37,,14,16,0,81,60,63051050,2025-10-23 01:27:59.964,0,2025-10-23 01:27:59.964,,,10,16,15,23,80.0,,,31.0,,82800000,,UTC+0530,,12,w4dMr03254,17,25200000,2,288,91.0,88,com.sec.android.app.shealth,439,2,2025-10-23 01:27:00.000,ab166691-c9d6-4e05-aafd-9c4a1d8f001f,,30,
34,,63051050,2025-10-23 18:16:00.000,89.0,11,31,72,3,0,56,432,101,0,41,,14,16,0,82,98,63051050,2025-10-24 01:34:36.407,0,2025-10-24 01:34:36.407,,,10,16,15,23,88.0,,,27.0,,82800000,,UTC+0530,,12,w4dMr03254,22,25200000,4,206,87.0,89,com.sec.android.app.shealth,432,2,2025-10-24 01:34:00.000,c5f12ede-bfe7-45f8-ac90-7fad22a026e1,,26,
34,,63051050,2025-11-03 17:52:00.000,81.0,11,38,71,8,3,23,385,168,0,43,,14,16,0,81,75,63051050,2025-11-04 01:06:48.904,0,2025-11-04 01:06:48.904,,,10,16,15,23,86.0,,,30.0,,82800000,,UTC+0530,,12,w4dMr03254,22,25200000,4,216,94.0,87,com.sec.android.app.shealth,385,2,2025-11-04 01:00:00.000,a4022004-4ce0-4826-b823-1a9ca8215580,,24,
34,,63051050,2025-11-04 18:31:00.000,86.0,11,27,87,5,2,22,387,75,0,48,,14,16,0,83,88,63051050,2025-11-05 01:42:03.966,0,2025-11-05 01:42:03.966,,,10,15,15,23,91.0,,,34.0,,82800000,,UTC+0530,,12,w4dMr03254,22,25200000,4,190,94.0,87,com.sec.android.app.shealth,387,2,2025-11-05 01:42:00.000,75418627-cd7a-423a-9499-9d43b582d3da,,25,
34,,63051050,2025-11-05 18:45:00.000,83.0,11,44,78,1,1,30,405,87,0,31,,14,16,0,87,79,63051050,2025-11-06 01:48:15.140,0,2025-11-06 01:48:15.140,,,10,16,15,23,89.0,,,20.0,,82800000,,UTC+0530,,12,w4dMr03254,22,25200000,3,218,93.0,90,com.sec.android.app.shealth,405,2,2025-11-06 01:48:00.000,23ed3644-3394-4aef-8f98-5b2dc43f61d7,,27,
34,,63051050,2025-11-07 18:02:00.000,88.0,11,57,81,8,2,43,493,139,0,15,,14,16,0,82,91,63051050,2025-11-08 02:23:10.721,0,2025-11-08 02:23:10.721,,,10,11,15,23,94.0,,,19.0,,82800000,,UTC+0530,,12,w4dMr03254,22,25200000,4,278,92.0,90,com.sec.android.app.shealth,493,2,2025-11-08 02:23:00.000,d130b61a-ccdf-493b-88a0-36d600afbaf4,,32,
34,,63051050,2025-11-08 19:07:00.000,85.0,12,44,71,4,0,13,402,116,0,25,,14,16,0,88,81,63051050,2025-11-09 02:14:12.968,0,2025-11-09 02:14:12.968,,,10,16,15,23,88.0,,,18.0,,82800000,,UTC+0530,,12,w4dMr03254,22,25200000,4,237,96.0,93,com.sec.android.app.shealth,402,2,2025-11-09 02:14:00.000,eb09cfea-05b8-43cb-b067-7ad3be6ca5a1,,29,
34,,63051050,2025-11-12 18:47:00.000,89.0,11,39,100,5,2,64,406,86,0,54,,13,16,0,82,99,63051050,2025-11-13 01:39:14.055,0,2025-11-13 01:39:14.055,,,10,16,15,23,93.0,,,36.0,,82800000,,UTC+0530,,12,w4dMr03254,22,25200000,4,143,84.0,82,com.sec.android.app.shealth,406,2,2025-11-13 01:37:00.000,37d6029a-9221-48db-80ea-51486a30cba9,,20,
34,,63060070,2025-11-13 17:38:00.000,81.0,5,33,81,3,2,28,447,81,0,27,,15,16,0,87,71,63060070,2025-11-14 01:31:14.679,0,2025-11-14 01:31:14.679,,,10,16,18,26,93.0,,,21.0,,82800000,,UTC+0530,,6,w4dMr03254,20,25200000,4,267,94.0,85,com.sec.android.app.shealth,447,2,2025-11-14 01:31:00.000,19681074-bbfb-4362-9be1-73e2f6270967,,29,
34,,63060070,2025-11-17 17:31:00.000,90.0,4,37,76,7,2,34,437,85,0,57,,14,16,0,81,105,63060070,2025-11-18 01:44:17.128,0,2025-11-18 01:44:17.128,,,10,12,18,26,91.0,,,39.0,,82800000,,UTC+0530,,6,w4dMr03254,21,25200000,5,222,93.0,77,com.sec.android.app.shealth,437,2,2025-11-18 01:44:00.000,fc78607f-ada8-45d7-9997-dae4855c2a5d,,26,
34,,63060070,2025-11-18 17:15:00.000,88.0,5,24,78,5,3,36,457,97,0,54,,15,16,0,83,93,63060070,2025-11-19 01:34:51.720,0,2025-11-19 01:34:51.720,,,10,14,18,26,92.0,,,32.0,,82800000,,UTC+0530,,6,w4dMr03254,21,25200000,4,250,92.0,83,com.sec.android.app.shealth,457,2,2025-11-19 01:34:00.000,551750a3-29e8-4bb7-bcb8-a255c02ec050,,28,
34,,63060070,2025-11-20 17:24:00.000,94.0,5,42,65,7,5,29,448,162,0,46,,15,16,0,86,129,63060070,2025-11-21 01:23:50.367,0,2025-11-21 01:23:50.367,,,10,12,18,26,87.0,,,26.0,,82800000,,UTC+0530,,6,w4dMr03254,22,25200000,3,225,93.0,83,com.sec.android.app.shealth,448,2,2025-11-21 01:23:00.000,154b91c6-5e05-4adb-bdf3-fb67a13cc254,,29,
34,,63060070,2025-11-25 18:38:00.000,78.0,4,12,54,3,3,23,331,57,0,55,,14,16,0,79,70,63060070,2025-11-26 01:03:44.988,0,2025-11-26 01:03:44.988,,,10,12,18,26,72.0,,,40.0,,82800000,,UTC+0530,,6,w4dMr03254,20,25200000,3,184,94.0,61,com.sec.android.app.shealth,331,2,2025-11-26 01:03:00.000,5758a67a-66d7-4f75-8aee-0d87da590339,,11,
34,,63060070,2025-11-26 17:17:00.000,94.0,6,51,115,13,3,39,470,149,0,9,,15,16,0,91,122,63060070,2025-11-27 01:10:10.361,0,2025-11-27 01:10:10.361,,,10,9,18,26,97.0,,,19.0,,82800000,,UTC+0530,,6,w4dMr03254,23,25200000,5,194,91.0,84,com.sec.android.app.shealth,470,2,2025-11-27 01:07:00.000,d1e393cc-cea2-4b30-a338-a9a18029bfb0,,31,
34,,63060070,2025-11-29 18:28:00.000,83.0,3,29,56,3,2,34,387,105,0,79,,13,16,0,76,80,63060070,2025-11-30 02:06:16.863,0,2025-11-30 02:06:16.863,,,10,16,18,26,80.0,,,43.0,,82800000,,UTC+0530,,6,w4dMr03254,19,25200000,3,217,92.0,69,com.sec.android.app.shealth,387,2,2025-11-30 01:59:00.000,db7e1299-20df-48d1-9c41-497c3ae8b88e,,18,
34,,63060070,2025-11-30 17:14:00.000,93.0,6,79,91,21,2,35,481,245,0,23,,16,16,0,89,116,63060070,2025-12-01 01:27:47.322,0,2025-12-01 01:27:47.322,,,10,12,18,26,95.0,,,23.0,,82800000,,UTC+0530,,6,w4dMr03254,23,25200000,4,239,92.0,87,com.sec.android.app.shealth,481,2,2025-12-01 01:27:00.000,9b0e2a16-a6c3-4d07-b182-a023e112d97d,,30,
34,,63060070,2025-12-03 17:39:00.000,88.0,5,49,108,2,1,10,396,123,0,57,,14,16,0,82,95,63060070,2025-12-04 01:12:12.658,0,2025-12-04 01:12:12.658,,,10,16,18,26,95.0,,,29.0,,82800000,,UTC+0530,,6,w4dMr03254,21,25200000,4,183,97.0,80,com.sec.android.app.shealth,396,2,2025-12-04 01:12:00.000,9bfb5194-3af7-4360-ad47-869b558ca4e8,,24,
34,,63060070,2025-12-06 17:32:00.000,63.0,1,57,67,16,0,31,309,234,0,129,,10,16,0,62,46,63060070,2025-12-07 11:42:52.351,0,2025-12-07 11:42:52.351,,,10,16,18,26,83.0,,,72.0,,82800000,,UTC+0530,,6,w4dMr03254,14,25200000,3,165,92.0,47,com.sec.android.app.shealth,309,2,2025-12-07 00:39:00.000,a11df614-8855-4c24-a938-71760a99cf31,,6,
34,,63060070,2025-12-08 17:39:00.000,65.0,3,21,57,9,2,40,409,128,0,84,,12,16,0,70,43,63060070,2025-12-09 01:48:33.348,0,2025-12-09 01:48:33.348,,,10,15,18,26,84.0,,,49.0,,82800000,,UTC+0530,,6,w4dMr03254,10,25200000,3,269,92.0,58,com.sec.android.app.shealth,409,2,2025-12-09 01:48:00.000,b75df78c-5548-4c48-9a61-97ab321c967f,,18,
34,,63060070,2025-12-11 15:44:00.000,85.0,4,48,50,18,4,48,491,244,0,67,,14,16,0,80,80,63060070,2025-12-12 00:51:04.155,0,2025-12-12 00:51:04.155,,,10,12,18,26,85.0,,,39.0,,82800000,,UTC+0530,,6,w4dMr03254,19,25200000,4,313,91.0,76,com.sec.android.app.shealth,491,2,2025-12-12 00:51:00.000,64969e5c-5bb0-4fa7-a626-64d3ad78f826,,27,
34,,63070030,2025-12-15 17:24:00.000,90.0,5,44,99,44,2,46,453,214,0,47,,14,16,0,84,103,63070030,2025-12-16 01:28:00.850,0,2025-12-16 01:28:00.850,,,10,14,18,26,95.0,,,45.0,,82800000,,UTC+0530,,6,w4dMr03254,22,25200000,3,205,90.0,82,com.sec.android.app.shealth,453,2,2025-12-16 01:20:30.000,74b5fb26-af74-4ba0-a0ce-f41ccc986042,,27,
34,,63070030,2025-12-17 17:35:00.000,87.0,4,22,75,15,3,53,446,113,0,65,,12,16,0,68,92,63070030,2025-12-18 01:55:49.195,0,2025-12-18 01:55:49.195,,,10,4,18,26,91.0,,,47.0,,82800000,,UTC+0530,,6,w4dMr03254,17,25200000,6,226,90.0,57,com.sec.android.app.shealth,446,2,2025-12-18 01:49:00.000,ff44de7d-0469-4887-9d10-cba57005eefc,,20,
34,,63070030,2025-12-18 17:32:00.000,94.0,6,22,81,11,1,32,497,100,0,30,,16,16,0,88,123,63070030,2025-12-19 02:07:58.197,0,2025-12-19 02:07:58.197,,,10,16,18,26,94.0,,,27.0,,82800000,,UTC+0530,,6,w4dMr03254,23,25200000,4,261,93.0,91,com.sec.android.app.shealth,497,2,2025-12-19 02:07:00.000,3988bf21-f3c4-4866-959c-ab713991a261,,30,
34,,63070030,2025-12-23 17:56:00.000,70.0,4,20,52,4,2,44,408,71,0,58,,14,16,0,79,54,63070030,2025-12-24 01:29:03.575,0,2025-12-24 01:29:03.575,,,10,16,18,26,79.0,,,38.0,,82800000,,UTC+0530,,6,w4dMr03254,16,25200000,6,258,90.0,70,com.sec.android.app.shealth,408,2,2025-12-24 01:29:00.000,4183dd20-9d5f-4218-9814-77f5bd28ceee,,20,
34,,63070030,2025-12-28 17:32:00.000,93.0,5,52,105,7,1,49,462,122,0,37,,13,16,0,80,121,63070030,2025-12-29 01:19:31.412,0,2025-12-29 01:19:31.412,,,10,11,18,26,96.0,,,26.0,,82800000,,UTC+0530,,6,w4dMr03254,20,25200000,3,187,90.0,75,com.sec.android.app.shealth,462,2,2025-12-29 01:19:00.000,e0dadc5f-feeb-47c2-bf29-5ccf0d3315b9,,26,
34,,63070030,2025-12-30 17:14:00.000,95.0,6,25,93,6,4,40,544,117,0,19,,16,16,0,90,136,63070030,2025-12-31 02:21:47.558,0,2025-12-31 02:21:47.558,,,10,16,18,26,97.0,,,17.0,,82800000,,UTC+0530,,6,w4dMr03254,23,25200000,4,275,92.0,91,com.sec.android.app.shealth,544,2,2025-12-31 02:21:00.000,11f4a573-4725-45ea-82ac-86f30552821b,,30,
34,,63070030,2026-01-07 17:41:00.000,91.0,5,15,93,8,4,42,477,85,0,28,,15,16,0,86,106,63070030,2026-01-08 01:55:31.441,0,2026-01-08 01:55:31.441,,,10,16,18,26,95.0,,,28.0,,82800000,,UTC+0530,,6,w4dMr03254,22,25200000,5,236,91.0,87,com.sec.android.app.shealth,477,2,2026-01-08 01:55:00.000,9f7b74a3-6387-476a-99d3-814c74d44cb4,,29,
34,,63070030,2026-01-08 17:59:00.000,89.0,5,42,86,3,1,27,444,113,0,61,,14,16,0,82,96,63070030,2026-01-09 02:19:06.615,0,2026-01-09 02:19:06.615,,,10,16,18,26,93.0,,,31.0,,82800000,,UTC+0530,,6,w4dMr03254,21,25200000,4,235,94.0,83,com.sec.android.app.shealth,444,2,2026-01-09 02:19:00.000,991374ce-5473-4fac-a171-ba154157198f,,27,
34,,63070030,2026-01-09 18:47:00.000,88.0,6,30,72,11,5,26,378,146,0,10,,16,16,0,91,86,63070030,2026-01-10 01:08:55.901,0,2026-01-10 01:08:55.901,,,10,15,18,26,87.0,,,18.0,,82800000,,UTC+0530,,6,w4dMr03254,23,25200000,4,194,93.0,81,com.sec.android.app.shealth,378,2,2026-01-10 01:08:00.000,c0af6f3b-5b8d-42f1-9ae3-dc5eb3b151be,,21,
34,,63070030,2026-01-10 18:00:00.000,78.0,4,37,80,6,0,26,403,100,0,79,,14,16,0,79,67,63070030,2026-01-11 12:38:36.473,0,2026-01-11 12:38:36.473,,,10,15,18,26,91.0,,,43.0,,82800000,,UTC+0530,,6,w4dMr03254,19,25200000,4,230,94.0,74,com.sec.android.app.shealth,403,2,2026-01-11 01:48:00.000,c8719a08-c9e5-4f77-87f3-0a411f375bad,,22,
34,,63070030,2026-01-11 19:11:00.000,66.0,5,80,80,38,5,38,360,345,0,20,,13,16,0,79,50,63070030,2026-01-12 01:25:02.872,0,2026-01-12 01:25:02.872,,,10,14,18,26,88.0,,,29.0,,82800000,,UTC+0530,,6,w4dMr03254,17,25200000,2,192,90.0,62,com.sec.android.app.shealth,360,2,2026-01-12 01:18:00.000,d237c9fe-0cc6-4282-bad8-c6638d8d1fb6,,13,
34,,63070030,2026-01-17 17:22:00.000,92.0,5,24,90,11,0,31,479,111,0,34,,15,16,0,87,114,63070030,2026-01-18 01:47:12.388,0,2026-01-18 01:47:12.388,,,10,14,18,26,95.0,,,28.0,,82800000,,UTC+0530,,6,w4dMr03254,22,25200000,5,244,93.0,85,com.sec.android.app.shealth,479,2,2026-01-18 01:47:00.000,8c072e92-eb70-4138-8e0d-85811652b7f0,,29,
34,,63070030,2026-01-23 17:15:00.000,80.0,5,35,83,11,4,31,408,104,0,48,,14,16,0,82,72,63070030,2026-01-24 00:47:50.064,0,2026-01-24 00:47:50.064,,,10,14,18,26,91.0,,,38.0,,82800000,,UTC+0530,,6,w4dMr03254,20,25200000,5,222,93.0,76,com.sec.android.app.shealth,408,2,2026-01-24 00:47:00.000,778118d9-209b-4a4a-b5ba-e2a12e261c8c,,23,
34,,63070030,2026-01-27 17:05:00.000,85.0,4,35,80,9,3,46,488,105,0,75,,14,16,0,78,78,63070030,2026-01-28 02:16:35.118,0,2026-01-28 02:16:35.118,,,10,16,18,26,94.0,,,42.0,,82800000,,UTC+0530,,6,w4dMr03254,18,25200000,3,284,91.0,78,com.sec.android.app.shealth,488,2,2026-01-28 02:16:00.000,3c6e01ad-6eef-4303-a803-c8ef066eb63b,,26,
34,,63070030,2026-02-02 17:17:00.000,90.0,6,59,89,6,2,37,456,109,0,23,,16,16,0,90,102,63070030,2026-02-03 01:30:46.642,0,2026-02-03 01:30:46.642,,,10,6,18,26,94.0,,,21.0,,82800000,,UTC+0530,,6,w4dMr03254,23,25200000,4,228,91.0,81,com.sec.android.app.shealth,456,2,2026-02-03 01:01:00.000,b3ad6ccd-9bcb-461d-b89b-8741436951e8,,30,
34,,63070030,2026-02-03 17:13:00.000,96.0,4,33,96,12,1,28,437,88,0,83,,14,16,0,79,155,63070030,2026-02-04 01:40:38.249,0,2026-02-04 01:40:38.249,,,10,16,18,26,95.0,,,50.0,,82800000,,UTC+0530,,6,w4dMr03254,19,25200000,5,158,94.0,79,com.sec.android.app.shealth,437,2,2026-02-04 01:40:00.000,ac92dc8b-cbaa-452a-9b48-a1b829018c50,,26,
34,,63070030,2026-02-05 17:28:00.000,94.0,4,32,78,4,4,27,449,81,0,89,,14,16,0,77,129,63070030,2026-02-06 02:26:44.641,0,2026-02-06 02:26:44.641,,,10,14,18,26,93.0,,,43.0,,82800000,,UTC+0530,,6,w4dMr03254,20,25200000,4,215,95.0,78,com.sec.android.app.shealth,449,2,2026-02-06 02:26:00.000,a12ff540-3645-495f-8948-6aef5c7343f6,,26,
34,,63070030,2026-02-11 17:35:00.000,93.0,5,23,64,10,3,37,489,150,0,41,,15,16,0,85,116,63070030,2026-02-12 02:19:39.507,0,2026-02-12 02:19:39.507,,,10,16,18,26,90.0,,,29.0,,82800000,,UTC+0530,,6,w4dMr03254,22,25200000,3,272,92.0,86,com.sec.android.app.shealth,489,2,2026-02-12 02:19:00.000,28efbd73-77b7-43b0-a4a4-225d4860b679,,28,
34,,63070030,2026-02-12 17:03:00.000,87.0,3,28,41,123,4,33,442,382,0,113,,13,16,0,74,86,63070030,2026-02-13 02:14:05.059,0,2026-02-13 02:14:05.059,,,10,6,18,26,80.0,,,78.0,,82800000,,UTC+0530,,6,w4dMr03254,19,25200000,2,282,93.0,65,com.sec.android.app.shealth,442,2,2026-02-13 02:14:00.000,0f81dd36-a6cc-46df-9b73-35afac296fe7,,24,
34,,63070030,2026-02-13 17:45:00.000,85.0,5,36,73,6,0,24,436,143,0,62,,14,16,0,79,84,63070030,2026-02-14 01:56:51.186,0,2026-02-14 01:56:51.186,,,10,15,18,26,90.0,,,33.0,,82800000,,UTC+0530,,6,w4dMr03254,20,25200000,3,255,95.0,80,com.sec.android.app.shealth,436,2,2026-02-14 01:56:00.000,c02ceed8-61e9-4059-b607-9ad63ac66e53,,26,
34,,63070030,2026-02-14 18:41:00.000,79.0,3,20,87,10,2,64,449,107,0,82,,12,16,0,72,66,63070030,2026-02-15 03:06:49.357,0,2026-02-15 03:06:49.357,,,10,16,18,26,94.0,,,50.0,,82800000,,UTC+0530,,6,w4dMr03254,16,25200000,5,232,88.0,68,com.sec.android.app.shealth,449,2,2026-02-15 03:06:00.000,34ce53ab-3cb6-42f4-9c61-74929156fb49,,21,
34,,63070030,2026-02-17 17:40:00.000,78.0,5,41,75,9,5,36,431,139,0,39,,14,16,0,82,67,63070030,2026-02-18 01:29:15.873,0,2026-02-18 01:29:15.873,,,10,16,18,26,91.0,,,31.0,,82800000,,UTC+0530,,6,w4dMr03254,19,25200000,4,253,92.0,79,com.sec.android.app.shealth,431,2,2026-02-18 01:29:00.000,934f1848-9443-418f-91d3-022b461c6d34,,25,
34,,63070030,2026-02-24 17:22:00.000,95.0,5,32,89,4,2,51,487,111,0,31,,15,16,0,83,134,63070030,2026-02-25 01:33:39.220,0,2026-02-25 01:33:39.220,,,10,16,18,26,94.0,,,22.0,,82800000,,UTC+0530,,6,w4dMr03254,21,25200000,5,213,90.0,85,com.sec.android.app.shealth,487,2,2026-02-25 01:33:00.000,5041d16d-1fb5-4716-917b-9ad6d53cfb18,,28,
34,,63070030,2026-02-26 17:19:00.000,76.0,5,4,37,25,2,63,486,150,0,61,,13,16,0,81,58,63070030,2026-02-27 01:52:48.596,0,2026-02-27 01:52:48.596,,,10,16,18,26,74.0,,,46.0,,82800000,,UTC+0530,,6,w4dMr03254,15,25200000,5,328,87.0,76,com.sec.android.app.shealth,486,2,2026-02-27 01:52:00.000,01a92b62-ad02-4f06-a921-0428512cbecd,,27,
34,,63110130,2026-03-03 17:07:00.000,70.0,4,20,71,3,2,74,496,92,0,73,,14,16,0,79,46,63110130,2026-03-04 01:54:45.054,0,2026-03-04 01:54:45.054,,,10,15,18,26,91.0,,,37.0,,82800000,,UTC+0530,,6,w4dMr03254,11,25200000,4,305,85.0,70,com.sec.android.app.shealth,496,2,2026-03-04 01:54:00.000,3e6bf2bd-2578-435d-a44a-850b171f56b6,,26,
34,,63110130,2026-03-04 16:02:00.000,84.0,5,56,77,12,4,42,460,208,0,33,,15,16,0,86,79,63110130,2026-03-05 00:00:37.419,0,2026-03-05 00:00:37.419,,,10,14,18,26,92.0,,,26.0,,82800000,,UTC+0530,,6,w4dMr03254,21,25200000,2,262,91.0,84,com.sec.android.app.shealth,460,2,2026-03-05 00:00:00.000,e40d1363-cd54-41f3-92aa-4f9d76bf07f9,,29,
34,,63110130,2026-03-05 17:45:00.000,72.0,4,67,99,7,1,26,402,244,0,83,,12,16,0,73,55,63110130,2026-03-06 01:42:30.342,0,2026-03-06 01:42:30.342,,,10,15,18,26,95.0,,,42.0,,82800000,,UTC+0530,,6,w4dMr03254,14,25200000,2,222,94.0,65,com.sec.android.app.shealth,402,2,2026-03-06 01:42:00.000,5c29b359-9820-4286-9105-2ef19b90484c,,20,
34,,63110130,2026-03-14 17:52:00.000,89.0,6,28,66,7,1,35,446,94,0,8,,16,16,0,89,93,63110130,2026-03-15 13:26:06.434,0,2026-03-15 13:26:06.434,,,10,16,18,26,90.0,,,18.0,,82800000,,UTC+0530,,6,w4dMr03254,23,25200000,5,252,92.0,90,com.sec.android.app.shealth,446,2,2026-03-15 01:22:00.000,023873e1-5172-4e35-9f21-9b27f5762891,,29,
34,,63110130,2026-03-18 17:26:00.000,83.0,4,73,108,18,2,41,440,236,0,60,,13,16,0,79,76,63110130,2026-03-19 01:43:05.972,0,2026-03-19 01:43:05.972,,,10,15,18,26,96.0,,,40.0,,82800000,,UTC+0530,,6,w4dMr03254,20,25200000,3,215,91.0,77,com.sec.android.app.shealth,440,2,2026-03-19 01:42:00.000,b0368e2c-f447-463f-a074-254229da49c4,,25,
34,,63110130,2026-03-22 17:46:00.000,64.0,4,58,71,15,1,59,431,199,0,54,,14,16,0,79,44,63110130,2026-03-23 10:59:24.731,0,2026-03-23 10:59:24.731,,,10,14,18,26,88.0,,,39.0,,82800000,,UTC+0530,,6,w4dMr03254,12,25200000,3,257,87.0,65,com.sec.android.app.shealth,431,2,2026-03-23 01:29:30.000,e5e5c727-e33b-4fc5-aacc-b1ddb221c655,,21,
34,,63110130,2026-03-27 17:29:00.000,79.0,4,37,58,30,2,97,534,215,0,83,,14,16,0,79,63,63110130,2026-03-28 02:35:51.017,0,2026-03-28 02:35:51.017,,,10,16,18,26,88.0,,,49.0,,82800000,,UTC+0530,,6,w4dMr03254,15,25200000,3,316,82.0,75,com.sec.android.app.shealth,534,2,2026-03-28 02:30:00.000,67f9a7c2-e3d6-49b0-aff6-924c5406545d,,26,
34,,63130130,2026-04-01 16:51:00.000,90.0,3,27,67,6,0,25,426,91,0,111,,13,16,0,74,103,63130130,2026-04-02 01:47:33.447,0,2026-04-02 01:47:33.447,,,10,14,18,26,90.0,,,52.0,,82800000,,UTC+0530,,6,w4dMr03254,19,25200000,3,231,95.0,72,com.sec.android.app.shealth,426,2,2026-04-02 01:47:00.000,ec9f6a40-fd68-49cf-b7d0-78753f70c038,,23,
34,,63130130,2026-04-03 17:18:00.000,87.0,4,26,76,4,0,59,466,71,0,58,,14,16,0,79,89,63130130,2026-04-04 12:36:04.060,0,2026-04-04 12:36:04.060,,,10,16,18,26,92.0,,,37.0,,82800000,,UTC+0530,,6,w4dMr03254,20,25200000,6,242,88.0,80,com.sec.android.app.shealth,466,2,2026-04-04 01:38:00.000,9e2db598-c4cc-431e-b6bb-1c94fe31d99b,,26,
34,,63130130,2026-04-06 17:33:00.000,94.0,6,49,94,6,1,22,402,137,0,4,,16,16,0,91,123,63130130,2026-04-07 00:21:55.441,0,2026-04-07 00:21:55.441,,,10,16,18,26,94.0,,,12.0,,82800000,,UTC+0530,,6,w4dMr03254,23,25200000,5,163,94.0,87,com.sec.android.app.shealth,402,2,2026-04-07 00:19:00.000,4b07d6ba-db8b-495c-a15e-526e85cbb0ea,,26,
34,,63130130,2026-04-09 17:31:00.000,93.0,5,39,99,4,2,44,481,82,0,40,,15,16,0,85,123,63130130,2026-04-10 01:58:34.135,0,2026-04-10 01:58:34.135,,,10,16,18,26,96.0,,,27.0,,82800000,,UTC+0530,,6,w4dMr03254,22,25200000,5,215,91.0,86,com.sec.android.app.shealth,481,2,2026-04-10 01:58:00.000,bc9cc5b3-2d13-4bea-9b6a-a505121f2817,,28,
34,,63130130,2026-04-12 16:48:00.000,93.0,5,40,100,17,0,55,487,150,0,35,,15,16,0,85,117,63130130,2026-04-13 01:00:48.929,0,2026-04-13 01:00:48.929,,,10,16,18,26,96.0,,,31.0,,82800000,,UTC+0530,,6,w4dMr03254,22,25200000,4,215,88.0,87,com.sec.android.app.shealth,487,2,2026-04-13 01:00:00.000,15c1606e-aa24-43c1-9aef-12aa0bd8aef0,,29,
34,,63130130,2026-04-13 17:39:00.000,87.0,4,20,62,24,0,87,480,154,0,68,,14,16,0,79,90,63130130,2026-04-14 01:43:58.148,0,2026-04-14 01:43:58.148,,,10,16,18,26,86.0,,,49.0,,82800000,,UTC+0530,,6,w4dMr03254,20,25200000,3,241,82.0,78,com.sec.android.app.shealth,480,2,2026-04-14 01:43:00.000,d6dda563-743b-410d-8407-d2b1d4526f59,,24,
34,,63130130,2026-04-15 17:40:00.000,89.0,5,30,74,6,1,21,397,114,0,49,,14,16,0,82,101,63130130,2026-04-16 01:06:31.582,0,2026-04-16 01:06:31.582,,,10,16,18,26,89.0,,,32.0,,82800000,,UTC+0530,,6,w4dMr03254,21,25200000,4,201,95.0,79,com.sec.android.app.shealth,397,2,2026-04-16 01:06:00.000,2dcb7a3e-82b0-4494-9e25-e05555852a30,,23,
34,,63200010,2026-04-20 17:25:00.000,92.0,5,41,102,10,3,57,480,112,0,41,,15,16,0,86,110,63200010,2026-04-21 01:53:26.436,0,2026-04-21 01:53:26.436,,,10,15,18,26,96.0,,,30.0,,82800000,,UTC+0530,,6,w4dMr03254,22,25200000,4,211,88.0,86,com.sec.android.app.shealth,480,2,2026-04-21 01:29:00.000,fa4e6eaa-5bac-44b4-b920-3caae18fce7f,,29,
34,,63200010,2026-04-23 16:56:00.000,93.0,5,26,82,9,3,45,491,149,0,23,,16,16,0,89,119,63200010,2026-04-24 01:15:10.917,0,2026-04-24 01:15:10.917,,,10,14,18,26,94.0,,,21.0,,82800000,,UTC+0530,,6,w4dMr03254,23,25200000,5,245,90.0,88,com.sec.android.app.shealth,491,2,2026-04-24 01:12:00.000,92fdc6c9-f771-42bb-8565-bb9d330624f3,,30,
34,,63200010,2026-04-28 17:27:00.000,89.0,4,81,94,24,2,52,435,209,0,78,,13,16,0,78,101,63200010,2026-04-29 01:30:11.362,0,2026-04-29 01:30:11.362,,,10,12,18,26,94.0,,,49.0,,82800000,,UTC+0530,,6,w4dMr03254,20,25200000,4,188,89.0,71,com.sec.android.app.shealth,435,2,2026-04-29 01:30:00.000,80b3cd1a-bd60-4d28-a98f-35958842ba08,,22,
34,,63200010,2026-05-06 17:49:00.000,93.0,5,32,68,12,1,44,463,162,0,21,,15,16,0,86,117,63200010,2026-05-07 01:47:27.304,0,2026-05-07 01:47:27.304,,,10,16,18,26,90.0,,,25.0,,82800000,,UTC+0530,,6,w4dMr03254,22,25200000,4,234,90.0,87,com.sec.android.app.shealth,463,2,2026-05-07 01:47:00.000,24b1e642-91f8-4153-b072-72ecc17fa8da,,29,
34,,63200010,2026-05-11 17:50:00.000,93.0,5,24,78,5,2,53,476,87,0,29,,14,16,0,82,119,63200010,2026-05-12 01:56:05.151,0,2026-05-12 01:56:05.151,,,10,16,18,26,93.0,,,25.0,,82800000,,UTC+0530,,6,w4dMr03254,21,25200000,5,226,89.0,83,com.sec.android.app.shealth,476,2,2026-05-12 01:56:00.000,3a809079-3d11-4787-bf6c-43d695aa24eb,,27,
34,,63200010,2026-05-12 17:20:00.000,83.0,5,19,71,11,0,51,480,123,0,40,,15,16,0,83,76,63200010,2026-05-13 01:44:14.302,0,2026-05-13 01:44:14.302,,,10,16,18,26,91.0,,,32.0,,82800000,,UTC+0530,,6,w4dMr03254,20,25200000,3,282,89.0,84,com.sec.android.app.shealth,480,2,2026-05-13 01:44:00.000,e088b084-e83a-43d9-8a9a-43ac822d8b09,,28,
34,,63200010,2026-05-13 18:45:00.000,74.0,5,17,62,8,3,35,394,120,0,29,,15,16,0,84,61,63200010,2026-05-14 01:42:55.059,0,2026-05-14 01:42:55.059,,,10,16,18,26,83.0,,,28.0,,82800000,,UTC+0530,,6,w4dMr03254,19,25200000,3,236,91.0,75,com.sec.android.app.shealth,394,2,2026-05-14 01:42:00.000,d2521c4c-46ee-4a1a-94be-4fc2ea4982c5,,20,
34,,63200010,2026-05-14 17:38:00.000,94.0,5,60,92,15,2,69,561,191,0,47,,14,16,0,79,127,63200010,2026-05-15 03:29:53.543,0,2026-05-15 03:29:53.543,,,10,10,18,26,96.0,,,30.0,,82800000,,UTC+0530,,6,w4dMr03254,20,25200000,3,273,88.0,76,com.sec.android.app.shealth,561,2,2026-05-15 03:04:00.000,f12fa061-a2bc-49ff-a30a-f21303ab8253,,27,
34,,63200010,2026-05-15 18:35:00.000,95.0,6,32,64,8,6,32,445,102,0,9,,16,16,0,90,138,63200010,2026-05-16 02:05:30.210,0,2026-05-16 02:05:30.210,,,10,16,18,26,89.0,,,19.0,,82800000,,UTC+0530,,6,w4dMr03254,22,25200000,4,211,92.0,90,com.sec.android.app.shealth,445,2,2026-05-16 02:05:00.000,87cb8b0b-e027-4631-a5ef-6397a550c104,,30,
34,,63200010,2026-05-19 18:08:00.000,90.0,5,41,61,8,2,43,414,143,0,24,,15,16,0,85,102,63200010,2026-05-20 01:06:07.521,0,2026-05-20 01:06:07.521,,,10,16,18,26,83.0,,,23.0,,82800000,,UTC+0530,,6,w4dMr03254,22,25200000,4,208,90.0,81,com.sec.android.app.shealth,414,2,2026-05-20 01:06:00.000,3335efdf-e7a5-4211-b637-3cb4019691eb,,23,
34,,63200010,2026-05-22 17:25:00.000,94.0,5,72,87,12,4,46,530,221,0,46,,15,16,0,85,124,63200010,2026-05-23 02:49:55.587,0,2026-05-23 02:49:55.587,,,10,14,18,26,96.0,,,28.0,,82800000,,UTC+0530,,6,w4dMr03254,22,25200000,6,273,91.0,84,com.sec.android.app.shealth,530,2,2026-05-23 02:49:00.000,867251a0-e69b-44fb-af78-b02570463d34,,28,
34,,63200010,2026-05-24 18:19:00.000,91.0,5,48,89,15,1,52,467,185,0,24,,14,16,0,80,109,63200010,2026-05-25 02:12:31.383,0,2026-05-25 02:12:31.383,,,10,11,18,26,94.0,,,25.0,,82800000,,UTC+0530,,6,w4dMr03254,20,25200000,5,217,89.0,76,com.sec.android.app.shealth,467,2,2026-05-25 02:09:00.000,bb6b3f16-6ad4-4799-bf1f-de75ea97aa11,,26,
34,,63200010,2026-05-26 17:38:00.000,87.0,6,73,92,14,2,35,412,199,0,15,,15,16,0,88,87,63200010,2026-05-27 12:09:24.425,0,2026-05-27 12:09:24.425,,,10,16,18,26,93.0,,,20.0,,82800000,,UTC+0530,,6,w4dMr03254,23,25200000,5,198,91.0,84,com.sec.android.app.shealth,412,2,2026-05-27 00:34:00.000,1e95c47d-86ba-4aaf-806e-ac6ecbf1983b,,24,
34,,63200010,2026-05-31 17:28:00.000,89.0,5,25,96,11,2,39,499,120,0,44,,15,16,0,84,96,63200010,2026-06-01 02:57:04.972,0,2026-06-01 02:57:04.972,,,10,16,18,26,96.0,,,32.0,,82800000,,UTC+0530,,6,w4dMr03254,21,25200000,5,268,92.0,85,com.sec.android.app.shealth,499,2,2026-06-01 02:26:30.000,d31e9e5f-a312-482b-829b-458866211c9e,,28,
34,,63200010,2026-06-01 17:32:00.000,92.0,6,3,133,0,3,36,488,33,0,13,,15,16,0,89,107,63200010,2026-06-02 01:50:06.427,0,2026-06-02 01:50:06.427,,,10,16,18,26,98.0,,,14.0,,82800000,,UTC+0530,,6,w4dMr03254,23,25200000,5,212,92.0,90,com.sec.android.app.shealth,488,2,2026-06-02 01:50:00.000,b8c068d8-cf76-4a82-bfcb-6a03ebabc4d7,,30,
34,,63200010,2026-06-02 16:58:00.000,91.0,6,25,115,1,4,40,511,81,0,14,,15,16,0,90,104,63200010,2026-06-03 01:33:44.301,0,2026-06-03 01:33:44.301,,,10,14,18,26,98.0,,,13.0,,82800000,,UTC+0530,,6,w4dMr03254,23,25200000,3,252,92.0,88,com.sec.android.app.shealth,511,2,2026-06-03 01:34:00.000,be2346c4-7790-47c6-bc80-6e1ec595b07b,,30,
34,,63200010,2026-06-03 16:57:00.000,86.0,5,31,62,13,10,58,455,103,0,25,,15,16,0,84,86,63200010,2026-06-04 00:46:10.137,0,2026-06-04 00:46:10.137,,,10,16,18,26,87.0,,,32.0,,82800000,,UTC+0530,,6,w4dMr03254,21,25200000,4,249,87.0,83,com.sec.android.app.shealth,455,2,2026-06-04 00:39:00.000,b4fc86ee-39c9-4ed4-a3f0-7dbc1de56b39,,26,
34,,63200010,2026-06-04 17:03:00.000,95.0,5,30,89,16,7,69,497,137,0,42,,13,16,0,74,141,63200010,2026-06-05 01:24:55.545,0,2026-06-05 01:24:55.545,,,10,6,18,26,94.0,,,35.0,,82800000,,UTC+0530,,6,w4dMr03254,19,25200000,4,198,87.0,68,com.sec.android.app.shealth,497,2,2026-06-05 01:24:00.000,d348fb49-3503-44e7-a9e0-46bbc880a33b,,25,
34,,63200010,2026-06-05 17:03:00.000,93.0,5,39,70,13,10,86,480,147,0,51,,14,16,0,80,121,63200010,2026-06-06 13:01:47.613,0,2026-06-06 13:01:47.613,,,10,12,18,26,89.0,,,38.0,,82800000,,UTC+0530,,6,w4dMr03254,20,25200000,5,203,82.0,75,com.sec.android.app.shealth,480,2,2026-06-06 01:08:00.000,5dbe797f-efd2-4265-bdf2-a1d62b468cd9,,24,
34,,63200010,2026-06-06 17:29:00.000,89.0,5,55,61,36,6,67,453,249,0,33,,15,16,0,84,97,63200010,2026-06-07 01:07:14.788,0,2026-06-07 01:07:14.788,,,10,9,18,26,85.0,,,37.0,,82800000,,UTC+0530,,6,w4dMr03254,21,25200000,3,228,85.0,74,com.sec.android.app.shealth,453,2,2026-06-07 01:05:00.000,efd3a513-7d0c-4bc8-ab42-98da7b63b4a3,,24,
34,,63200010,2026-06-07 16:33:00.000,92.0,5,63,107,9,4,41,494,162,0,40,,15,16,0,85,112,63200010,2026-06-08 01:14:34.371,0,2026-06-08 01:14:34.371,,,10,16,18,26,97.0,,,26.0,,82800000,,UTC+0530,,6,w4dMr03254,22,25200000,4,234,92.0,87,com.sec.android.app.shealth,494,2,2026-06-08 01:14:00.000,edf6e3d1-e442-40ab-8128-bc2bbf2baff1,,29,
34,,63200010,2026-06-08 16:55:00.000,95.0,5,27,87,13,3,59,512,139,0,25,,15,16,0,86,137,63200010,2026-06-09 01:35:27.982,0,2026-06-09 01:35:27.982,,,10,16,18,26,95.0,,,27.0,,82800000,,UTC+0530,,6,w4dMr03254,22,25200000,6,229,88.0,87,com.sec.android.app.shealth,512,2,2026-06-09 01:30:00.000,882a6556-b54c-41b7-9c0a-e0848cbd1470,,29,
34,,63200010,2026-06-11 17:07:00.000,88.0,4,50,66,10,3,30,442,188,0,67,,14,16,0,80,95,63200010,2026-06-12 01:31:27.725,0,2026-06-12 01:31:27.725,,,10,16,18,26,89.0,,,37.0,,82800000,,UTC+0530,,6,w4dMr03254,20,25200000,2,251,94.0,80,com.sec.android.app.shealth,442,2,2026-06-12 01:31:00.000,6abdd87c-a2ec-4db2-8fc7-d0d4f03f310b,,26,
34,,63200010,2026-06-14 17:12:00.000,94.0,5,29,98,4,4,29,463,89,0,40,,15,16,0,85,129,63200010,2026-06-15 01:32:04.136,0,2026-06-15 01:32:04.136,,,10,16,18,26,96.0,,,26.0,,82800000,,UTC+0530,,6,w4dMr03254,22,25200000,5,207,94.0,86,com.sec.android.app.shealth,463,2,2026-06-15 01:32:00.000,53744d11-4d84-4ff7-ac28-ced76207a1d4,,28,
34,,63200010,2026-06-15 17:11:00.000,91.0,5,28,84,9,2,33,445,174,0,50,,15,16,0,83,106,63200010,2026-06-16 01:15:47.660,0,2026-06-16 01:15:47.660,,,10,16,18,26,93.0,,,31.0,,82800000,,UTC+0530,,6,w4dMr03254,21,25200000,3,222,93.0,84,com.sec.android.app.shealth,445,2,2026-06-16 01:16:00.000,583efd18-90bf-44c8-a261-e1128a06c95d,,27,
34,,63200010,2026-06-17 17:19:00.000,88.0,5,23,104,14,5,60,480,109,0,30,,14,16,0,85,95,63200010,2026-06-18 01:30:18.152,0,2026-06-18 01:30:18.152,,,10,9,18,26,96.0,,,34.0,,82800000,,UTC+0530,,6,w4dMr03254,22,25200000,7,221,87.0,78,com.sec.android.app.shealth,480,2,2026-06-18 01:30:00.000,19f69d98-1378-42a4-97b8-8b1584834402,,28,
34,,63200010,2026-06-18 16:45:00.000,93.0,5,26,67,10,2,32,471,109,0,58,,14,16,0,81,120,63200010,2026-06-19 01:29:04.530,0,2026-06-19 01:29:04.530,,,10,16,18,26,90.0,,,37.0,,82800000,,UTC+0530,,6,w4dMr03254,21,25200000,6,252,93.0,83,com.sec.android.app.shealth,471,2,2026-06-19 01:29:00.000,c2551627-0896-4092-ab9e-730b43f1ef09,,27,
34,,63200010,2026-06-21 16:36:00.000,92.0,5,35,83,5,1,79,495,109,0,51,,14,16,0,82,111,63200010,2026-06-22 01:00:55.538,0,2026-06-22 01:00:55.538,,,10,6,18,26,93.0,,,32.0,,82800000,,UTC+0530,,6,w4dMr03254,21,25200000,4,222,84.0,73,com.sec.android.app.shealth,495,2,2026-06-22 01:01:00.000,d03a913d-d8e2-4491-8392-1a0c22df9986,,27,
34,,63200010,2026-06-23 16:56:00.000,84.0,5,50,73,24,4,60,507,222,0,25,,15,16,0,86,78,63200010,2026-06-24 01:31:15.433,0,2026-06-24 01:31:15.433,,,10,6,18,26,93.0,,,29.0,,82800000,,UTC+0530,,6,w4dMr03254,20,25200000,5,296,88.0,75,com.sec.android.app.shealth,507,2,2026-06-24 01:31:00.000,ebdc9fab-2a9f-43f4-bfb3-db603a4494ce,,29,
34,,63200010,2026-06-25 17:19:00.000,87.0,6,62,100,15,2,39,502,225,0,12,,13,16,0,76,84,63200010,2026-06-26 01:49:39.562,0,2026-06-26 01:49:39.562,,,10,3,18,26,97.0,,,18.0,,82800000,,UTC+0530,,6,w4dMr03254,18,25200000,5,279,93.0,65,com.sec.android.app.shealth,502,2,2026-06-26 01:48:00.000,2d23ef98-caf5-45eb-b14e-ac3cec72c3d3,,25,
34,,63200010,2026-06-26 17:34:00.000,78.0,5,85,88,48,2,57,479,363,0,32,,15,16,0,85,65,63200010,2026-06-27 02:01:22.886,0,2026-06-27 02:01:22.886,,,10,14,18,26,94.0,,,34.0,,82800000,,UTC+0530,,6,w4dMr03254,18,25200000,3,269,88.0,81,com.sec.android.app.shealth,479,2,2026-06-27 01:43:00.000,13d81f16-f876-43b5-b6a2-689dba2e73d0,,29,
34,,63200010,2026-06-28 16:59:00.000,91.0,6,44,82,6,0,29,507,99,0,17,,16,16,0,89,105,63200010,2026-06-29 01:43:49.070,0,2026-06-29 01:43:49.070,,,10,16,18,26,95.0,,,18.0,,82800000,,UTC+0530,,6,w4dMr03254,23,25200000,4,291,94.0,91,com.sec.android.app.shealth,507,2,2026-06-29 01:43:00.000,744fe172-96a3-422a-9754-a97f6d475403,,30,
34,,63200010,2026-06-29 17:05:00.000,92.0,6,39,90,6,1,33,473,127,0,8,,16,16,0,90,107,63200010,2026-06-30 01:11:46.660,0,2026-06-30 01:11:46.660,,,10,16,18,26,95.0,,,14.0,,82800000,,UTC+0530,,6,w4dMr03254,23,25200000,5,243,93.0,91,com.sec.android.app.shealth,473,2,2026-06-30 01:02:00.000,4b8d5e7f-8ba8-4871-8bd6-9975d186a7cc,,30,
34,,63200010,2026-07-01 16:54:00.000,96.0,6,41,104,16,1,31,525,168,0,23,,16,16,0,92,143,63200010,2026-07-02 01:42:27.605,0,2026-07-02 01:42:27.605,,,10,12,18,26,97.0,,,21.0,,82800000,,UTC+0530,,6,w4dMr03254,24,25200000,4,247,94.0,89,com.sec.android.app.shealth,525,2,2026-07-02 01:42:00.000,ffe9933e-e689-40fd-a2b7-80f18ee4b658,,31,
34,,70001070,2026-07-03 16:49:00.000,87.0,4,63,100,13,3,40,460,166,0,74,,13,16,0,77,89,70001070,2026-07-04 01:40:24.273,0,2026-07-04 01:40:24.273,,,10,16,18,26,96.0,,,43.0,,82800000,,UTC+0530,,6,w4dMr03254,20,25200000,3,231,92.0,79,com.sec.android.app.shealth,460,2,2026-07-04 01:40:00.000,594e43ca-d6de-47fe-9f26-e1a46999ad79,,26,
34,,70001070,2026-07-05 17:31:00.000,81.0,4,42,94,6,3,98,476,104,0,63,,13,16,0,76,73,70001070,2026-07-06 01:37:25.193,0,2026-07-06 01:37:25.193,,,10,16,18,26,94.0,,,42.0,,82800000,,UTC+0530,,6,w4dMr03254,19,25200000,4,211,79.0,73,com.sec.android.app.shealth,476,2,2026-07-06 01:37:00.000,f045a4f9-2397-45d3-9a74-cfde0f98510a,,21,
34,,70001070,2026-07-06 16:40:00.000,92.0,5,34,72,18,3,63,486,128,0,30,,15,16,0,85,116,70001070,2026-07-07 00:51:05.253,0,2026-07-07 00:51:05.253,,,10,9,18,26,91.0,,,34.0,,82800000,,UTC+0530,,6,w4dMr03254,22,25200000,4,235,87.0,80,com.sec.android.app.shealth,486,2,2026-07-07 00:51:00.000,071b8be5-1c52-4fae-9ef7-50884ef3fd5c,,29,
34,,70001070,2026-07-07 16:38:00.000,91.0,5,61,99,43,4,65,529,262,0,30,,15,16,0,85,107,70001070,2026-07-08 01:30:12.453,0,2026-07-08 01:30:12.453,,,10,16,18,26,96.0,,,35.0,,82800000,,UTC+0530,,6,w4dMr03254,22,25200000,2,258,88.0,87,com.sec.android.app.shealth,529,2,2026-07-08 01:30:00.000,bf796798-afdc-458c-b6f8-49aaf84bfb69,,29,
34,,70001070,2026-07-09 17:03:00.000,90.0,5,44,103,6,0,59,506,119,0,30,,15,16,0,87,100,70001070,2026-07-10 01:32:21.988,0,2026-07-10 01:32:21.988,,,10,9,18,26,96.0,,,23.0,,82800000,,UTC+0530,,6,w4dMr03254,22,25200000,5,244,88.0,80,com.sec.android.app.shealth,506,2,2026-07-10 01:32:00.000,bcba3c61-aafd-4c3b-88b0-ab9962e5e64e,,29,
34,,70001070,2026-07-10 16:52:00.000,89.0,6,32,92,18,2,45,498,136,0,20,,15,16,0,88,95,70001070,2026-07-11 12:12:23.680,0,2026-07-11 12:12:23.680,,,10,16,18,26,96.0,,,27.0,,82800000,,UTC+0530,,6,w4dMr03254,23,25200000,4,266,91.0,90,com.sec.android.app.shealth,498,2,2026-07-11 01:14:00.000,5f592820-e728-4932-abf8-f03b61ac58f0,,30,
34,,70001070,2026-07-12 17:41:00.000,93.0,6,39,95,10,4,37,477,114,0,16,,16,16,0,90,118,70001070,2026-07-13 02:06:23.343,0,2026-07-13 02:06:23.343,,,10,9,18,26,96.0,,,21.0,,82800000,,UTC+0530,,6,w4dMr03254,23,25200000,4,227,92.0,84,com.sec.android.app.shealth,477,2,2026-07-13 01:42:00.000,6dd23faf-d3eb-4bae-9daf-b9d7d060d757,,30,
34,,70001070,2026-07-14 16:47:00.000,92.0,4,36,93,17,1,70,514,138,0,83,,14,16,0,79,111,70001070,2026-07-15 02:03:27.252,0,2026-07-15 02:03:27.252,,,10,12,18,26,96.0,,,48.0,,82800000,,UTC+0530,,6,w4dMr03254,20,25200000,7,240,87.0,77,com.sec.android.app.shealth,514,2,2026-07-15 02:03:00.000,4105cb57-1969-4a96-b9fc-e4140b9a9629,,27,
34,,70001070,2026-07-15 16:58:00.000,95.0,5,63,88,29,0,59,543,241,0,44,,15,16,0,84,131,70001070,2026-07-16 02:29:02.733,0,2026-07-16 02:29:02.733,,,10,12,18,26,96.0,,,35.0,,82800000,,UTC+0530,,6,w4dMr03254,21,25200000,2,265,89.0,81,com.sec.android.app.shealth,543,2,2026-07-16 02:29:00.000,2148580a-2ec7-4d54-8e0d-77bfd1bd1daa,,28,
34,,70050090,2026-07-17 16:51:00.000,91.0,6,48,107,11,3,45,530,159,0,24,,15,16,0,88,105,70050090,2026-07-18 01:50:33.254,0,2026-07-18 01:50:33.254,,,10,16,18,26,97.0,,,21.0,,82800000,,UTC+0530,,6,w4dMr03254,23,25200000,4,273,91.0,90,com.sec.android.app.shealth,530,2,2026-07-18 01:50:00.000,ac5c1845-96b9-4cf8-b948-e0a86f3c520d,,30,
34,,70050090,2026-07-18 17:05:00.000,90.0,4,47,108,19,7,90,509,150,3,59,,13,16,0,80,104,70050090,2026-07-19 01:38:17.839,0,2026-07-19 01:38:17.839,,,10,16,18,26,96.0,,,43.0,,82800000,,UTC+0530,,6,w4dMr03254,20,25200000,5,207,82.0,80,com.sec.android.app.shealth,509,2,2026-07-19 01:38:00.000,2dc6ad7b-06fb-42a6-9de9-5655ce7bfa04,,27,
34,,70050090,2026-07-21 17:19:00.000,84.0,5,55,81,10,2,67,496,166,0,47,,14,16,0,79,78,70050090,2026-07-22 01:56:41.966,0,2026-07-22 01:56:41.966,,,10,16,18,26,94.0,,,32.0,,82800000,,UTC+0530,,6,w4dMr03254,19,25200000,3,270,87.0,80,com.sec.android.app.shealth,496,2,2026-07-22 01:56:00.000,1719c3af-d3a7-4320-9bc0-7b0a88012811,,26,
34,,70050090,2026-07-25 17:16:00.000,90.0,5,34,87,10,7,42,452,125,0,49,,13,16,0,77,103,70050090,2026-07-26 01:23:33.620,0,2026-07-26 01:23:33.620,,,10,12,18,26,93.0,,,34.0,,82800000,,UTC+0530,,6,w4dMr03254,20,25200000,5,220,92.0,75,com.sec.android.app.shealth,452,2,2026-07-26 01:23:00.000,ed88c1e2-e775-4914-b0fd-348999e54f20,,25,
