com.samsung.shealth.program.sleep_coaching.mission,7006003,4
time_tag,create_sh_ver,answer,priority,modify_sh_ver,update_time,selected_option,create_time,data_version,day_index,mission_id,deviceuuid,pkg_name,is_key_habit,session_id,datauuid,is_done
,62710150,null,6,62710150,2024-08-10 03:01:49.105,,2024-08-10 03:01:49.105,2,0,HB_06,aqfQc5yGC4,com.sec.android.app.shealth,0,ee80c06b-7247-49f4-acee-4a8cd967887e,21de6e00-26a7-4ccd-800b-12769b31dfda,0,
,62710150,null,8,62710150,2024-08-10 03:01:49.105,,2024-08-10 03:01:49.105,2,0,HB_08,aqfQc5yGC4,com.sec.android.app.shealth,0,ee80c06b-7247-49f4-acee-4a8cd967887e,67f12eae-c11f-40a7-9622-59e27338b58c,0,
,62710150,null,9,62710150,2024-08-10 03:01:49.105,,2024-08-10 03:01:49.105,2,0,HB_09,aqfQc5yGC4,com.sec.android.app.shealth,0,ee80c06b-7247-49f4-acee-4a8cd967887e,a732cd4a-1862-4c28-82bb-016be823bb8d,0,
,62710150,null,5,62710150,2024-08-10 03:01:49.105,,2024-08-10 03:01:49.105,2,1,HB_05,aqfQc5yGC4,com.sec.android.app.shealth,0,ee80c06b-7247-49f4-acee-4a8cd967887e,53fd19c2-364a-4dd5-8711-69f5a8942164,0,
,62710150,null,10,62710150,2024-08-10 03:01:49.105,,2024-08-10 03:01:49.105,2,0,HB_10,aqfQc5yGC4,com.sec.android.app.shealth,1,ee80c06b-7247-49f4-acee-4a8cd967887e,56c21cfd-bda4-4375-9282-541b6500555c,0,
,62710150,null,11,62710150,2024-08-10 03:01:49.105,,2024-08-10 03:01:49.105,2,0,HB_11,aqfQc5yGC4,com.sec.android.app.shealth,1,ee80c06b-7247-49f4-acee-4a8cd967887e,02ae1806-24ba-498d-8722-4f1cd349d4c7,0,
,62710150,null,11,62710150,2024-08-10 03:01:49.105,,2024-08-10 03:01:49.105,2,1,HB_11,aqfQc5yGC4,com.sec.android.app.shealth,1,ee80c06b-7247-49f4-acee-4a8cd967887e,07683923-da72-4d0f-a8a3-4e2cc625803a,0,
,62710150,null,11,62710150,2024-08-10 03:01:49.106,,2024-08-10 03:01:49.106,2,2,HB_11,aqfQc5yGC4,com.sec.android.app.shealth,1,ee80c06b-7247-49f4-acee-4a8cd967887e,b10f5ad2-1916-4ba4-93db-d7b8bf07efe5,0,
,62710150,null,3,62710150,2024-08-10 03:01:49.105,,2024-08-10 03:01:49.105,2,0,HB_03,aqfQc5yGC4,com.sec.android.app.shealth,0,ee80c06b-7247-49f4-acee-4a8cd967887e,91351d3e-0cc6-4f95-ae31-1202e2ee076a,0,
,62710150,null,3,62710150,2024-08-10 03:01:49.105,,2024-08-10 03:01:49.105,2,1,HB_03,aqfQc5yGC4,com.sec.android.app.shealth,0,ee80c06b-7247-49f4-acee-4a8cd967887e,c3580af9-6fd0-4bc3-9cda-838596b9ca5f,0,
,62710150,null,8,62710150,2024-08-10 03:01:49.106,,2024-08-10 03:01:49.106,2,2,HB_08,aqfQc5yGC4,com.sec.android.app.shealth,0,ee80c06b-7247-49f4-acee-4a8cd967887e,2e9afccd-7d8e-4090-a290-7632e36f053f,0,
,62710150,null,5,62710150,2024-08-10 03:01:49.105,,2024-08-10 03:01:49.105,2,0,HB_05,aqfQc5yGC4,com.sec.android.app.shealth,0,ee80c06b-7247-49f4-acee-4a8cd967887e,bd23d6f0-2957-4495-ab77-03a03a2b349d,0,
,62710150,null,8,62710150,2024-08-10 03:01:49.106,,2024-08-10 03:01:49.106,2,1,HB_08,aqfQc5yGC4,com.sec.android.app.shealth,0,ee80c06b-7247-49f4-acee-4a8cd967887e,e7957772-55d4-484b-a1b4-1ec9e7cd8531,0,
,62710150,null,10,62710150,2024-08-10 03:01:49.106,,2024-08-10 03:01:49.106,2,2,HB_10,aqfQc5yGC4,com.sec.android.app.shealth,1,ee80c06b-7247-49f4-acee-4a8cd967887e,8bac4ebb-490f-43f2-8d4e-d4338014ad70,0,
,62710150,null,10,62710150,2024-08-10 03:01:49.105,,2024-08-10 03:01:49.105,2,1,HB_10,aqfQc5yGC4,com.sec.android.app.shealth,1,ee80c06b-7247-49f4-acee-4a8cd967887e,6affb7d3-f709-4c42-995b-180b99962b01,0,
,62710150,null,8,62710150,2024-08-10 03:01:49.107,,2024-08-10 03:01:49.107,2,3,HB_08,aqfQc5yGC4,com.sec.android.app.shealth,0,ee80c06b-7247-49f4-acee-4a8cd967887e,ce42fc68-4919-4f41-bbb1-8142406a5250,0,
,62710150,null,10,62710150,2024-08-10 03:01:49.106,,2024-08-10 03:01:49.106,2,3,HB_10,aqfQc5yGC4,com.sec.android.app.shealth,1,ee80c06b-7247-49f4-acee-4a8cd967887e,31ee21b7-03ce-4db5-be52-ced57afd8371,0,
,62710150,null,6,62710150,2024-08-10 03:01:49.106,,2024-08-10 03:01:49.106,2,1,HB_06,aqfQc5yGC4,com.sec.android.app.shealth,0,ee80c06b-7247-49f4-acee-4a8cd967887e,f67c7530-62a9-4ea1-804d-d66781b9be51,0,
,62710150,null,6,62710150,2024-08-10 03:01:49.107,,2024-08-10 03:01:49.107,2,3,HB_06,aqfQc5yGC4,com.sec.android.app.shealth,0,ee80c06b-7247-49f4-acee-4a8cd967887e,43b0ddb2-55b1-49c3-8469-b86a19898023,0,
,62710150,null,6,62710150,2024-08-10 03:01:49.106,,2024-08-10 03:01:49.106,2,2,HB_06,aqfQc5yGC4,com.sec.android.app.shealth,0,ee80c06b-7247-49f4-acee-4a8cd967887e,141e6782-c435-4ae6-a1f8-ae2f7085e5f3,0,
,62710150,null,3,62710150,2024-08-10 03:01:49.106,,2024-08-10 03:01:49.106,2,2,HB_03,aqfQc5yGC4,com.sec.android.app.shealth,0,ee80c06b-7247-49f4-acee-4a8cd967887e,fdd0a282-04e7-4092-8db7-988ac4a6f1f0,0,
,62710150,null,3,62710150,2024-08-10 03:01:49.107,,2024-08-10 03:01:49.107,2,3,HB_03,aqfQc5yGC4,com.sec.android.app.shealth,0,ee80c06b-7247-49f4-acee-4a8cd967887e,8e083fcf-8b0b-4783-b687-18c2e8ca1414,0,
,62710150,null,9,62710150,2024-08-10 03:01:49.107,,2024-08-10 03:01:49.107,2,3,HB_09,aqfQc5yGC4,com.sec.android.app.shealth,0,ee80c06b-7247-49f4-acee-4a8cd967887e,445deb21-7d88-4118-8675-827606dff0f0,0,
,62710150,null,6,62710150,2024-08-10 03:01:49.107,,2024-08-10 03:01:49.107,2,4,HB_06,aqfQc5yGC4,com.sec.android.app.shealth,0,ee80c06b-7247-49f4-acee-4a8cd967887e,f229bf58-9163-47a9-8f64-8b824325b1ef,0,
,62710150,null,9,62710150,2024-08-10 03:01:49.106,,2024-08-10 03:01:49.106,2,2,HB_09,aqfQc5yGC4,com.sec.android.app.shealth,0,ee80c06b-7247-49f4-acee-4a8cd967887e,4aeb0dac-3245-4ad4-b587-c74e169037e2,0,
,62710150,null,9,62710150,2024-08-10 03:01:49.106,,2024-08-10 03:01:49.106,2,1,HB_09,aqfQc5yGC4,com.sec.android.app.shealth,0,ee80c06b-7247-49f4-acee-4a8cd967887e,d9e4853b-f2d9-428a-8441-ddb42879f0ba,0,
,62710150,null,9,62710150,2024-08-10 03:01:49.107,,2024-08-10 03:01:49.107,2,4,HB_09,aqfQc5yGC4,com.sec.android.app.shealth,0,ee80c06b-7247-49f4-acee-4a8cd967887e,586bf8d1-44ba-469c-8bdd-a24b9ee61028,0,
,62710150,null,5,62710150,2024-08-10 03:01:49.106,,2024-08-10 03:01:49.106,2,2,HB_05,aqfQc5yGC4,com.sec.android.app.shealth,0,ee80c06b-7247-49f4-acee-4a8cd967887e,8d6160e4-4a82-4781-923d-77b494f2a5a8,0,
,62710150,null,11,62710150,2024-08-10 03:01:49.107,,2024-08-10 03:01:49.107,2,4,HB_11,aqfQc5yGC4,com.sec.android.app.shealth,1,ee80c06b-7247-49f4-acee-4a8cd967887e,302254f8-5b96-4141-ac43-49827e974b24,0,
,62710150,null,5,62710150,2024-08-10 03:01:49.107,,2024-08-10 03:01:49.107,2,3,HB_05,aqfQc5yGC4,com.sec.android.app.shealth,0,ee80c06b-7247-49f4-acee-4a8cd967887e,4d0746b1-3840-4345-8829-96589efa0d6f,0,
,62710150,null,11,62710150,2024-08-10 03:01:49.106,,2024-08-10 03:01:49.106,2,3,HB_11,aqfQc5yGC4,com.sec.android.app.shealth,1,ee80c06b-7247-49f4-acee-4a8cd967887e,8156cdb7-181b-43a7-88a9-a639234c91cf,0,
,62710150,null,2,62710150,2024-08-10 03:01:49.108,,2024-08-10 03:01:49.108,2,6,HB_02,aqfQc5yGC4,com.sec.android.app.shealth,0,ee80c06b-7247-49f4-acee-4a8cd967887e,c2360e2a-136d-4d9b-8671-5a5acb9337d3,0,
,62710150,null,5,62710150,2024-08-10 03:01:49.107,,2024-08-10 03:01:49.107,2,4,HB_05,aqfQc5yGC4,com.sec.android.app.shealth,0,ee80c06b-7247-49f4-acee-4a8cd967887e,847c82ab-d60a-4345-9c49-ed4778d020eb,0,
,62710150,null,10,62710150,2024-08-10 03:01:49.108,,2024-08-10 03:01:49.108,2,6,HB_10,aqfQc5yGC4,com.sec.android.app.shealth,1,ee80c06b-7247-49f4-acee-4a8cd967887e,2ded428f-a62b-4ad8-b460-84d4ae655b6b,0,
,62710150,null,8,62710150,2024-08-10 03:01:49.107,,2024-08-10 03:01:49.107,2,4,HB_08,aqfQc5yGC4,com.sec.android.app.shealth,0,ee80c06b-7247-49f4-acee-4a8cd967887e,15fe73d6-0b33-4994-a581-b50337bacbb9,0,
,62710150,null,9,62710150,2024-08-10 03:01:49.108,,2024-08-10 03:01:49.108,2,6,HB_09,aqfQc5yGC4,com.sec.android.app.shealth,0,ee80c06b-7247-49f4-acee-4a8cd967887e,47a57a3b-e3bd-498d-8d08-930f9e9aa73a,0,
,62710150,null,3,62710150,2024-08-10 03:01:49.107,,2024-08-10 03:01:49.107,2,4,HB_03,aqfQc5yGC4,com.sec.android.app.shealth,0,ee80c06b-7247-49f4-acee-4a8cd967887e,1dd82c49-c9e5-41a4-a516-26b8a07869e7,0,
,62710150,null,11,62710150,2024-08-10 03:01:49.108,,2024-08-10 03:01:49.108,2,7,HB_11,aqfQc5yGC4,com.sec.android.app.shealth,0,ee80c06b-7247-49f4-acee-4a8cd967887e,113698a6-9e1f-4b56-a819-5c54f94441d7,0,
,62710150,null,8,62710150,2024-08-10 03:01:49.108,,2024-08-10 03:01:49.108,2,6,HB_08,aqfQc5yGC4,com.sec.android.app.shealth,0,ee80c06b-7247-49f4-acee-4a8cd967887e,4a05b397-1785-44ad-bb35-db25c90475ac,0,
,62710150,null,3,62710150,2024-08-10 03:01:49.108,,2024-08-10 03:01:49.108,2,6,HB_03,aqfQc5yGC4,com.sec.android.app.shealth,0,ee80c06b-7247-49f4-acee-4a8cd967887e,e0ddcdd0-8a0f-40e6-83c2-2e3b51606296,0,
,62710150,null,8,62710150,2024-08-10 03:01:49.108,,2024-08-10 03:01:49.108,2,5,HB_08,aqfQc5yGC4,com.sec.android.app.shealth,0,ee80c06b-7247-49f4-acee-4a8cd967887e,00eb6a67-e4aa-445e-a59c-6ca90c2c744e,0,
,62710150,null,10,62710150,2024-08-10 03:01:49.107,,2024-08-10 03:01:49.107,2,4,HB_10,aqfQc5yGC4,com.sec.android.app.shealth,1,ee80c06b-7247-49f4-acee-4a8cd967887e,56a53939-756b-428d-aaae-7132d975de11,0,
,62710150,null,6,62710150,2024-08-10 03:01:49.108,,2024-08-10 03:01:49.108,2,6,HB_06,aqfQc5yGC4,com.sec.android.app.shealth,0,ee80c06b-7247-49f4-acee-4a8cd967887e,f397cc58-549e-43fd-9064-7223694d7deb,0,
,62710150,null,5,62710150,2024-08-10 03:01:49.108,,2024-08-10 03:01:49.108,2,6,HB_05,aqfQc5yGC4,com.sec.android.app.shealth,0,ee80c06b-7247-49f4-acee-4a8cd967887e,9db8aa56-4af3-4718-93de-f69682d8f50d,0,
,62710150,null,9,62710150,2024-08-10 03:01:49.108,,2024-08-10 03:01:49.108,2,5,HB_09,aqfQc5yGC4,com.sec.android.app.shealth,0,ee80c06b-7247-49f4-acee-4a8cd967887e,e37e9a7a-fc1a-4d85-89dc-5723cffd64b1,0,
,62710150,null,8,62710150,2024-08-10 03:01:49.109,,2024-08-10 03:01:49.109,2,7,HB_08,aqfQc5yGC4,com.sec.android.app.shealth,0,ee80c06b-7247-49f4-acee-4a8cd967887e,73293f60-1c89-409e-a029-4d8d7ac93901,0,
,62710150,null,10,62710150,2024-08-10 03:01:49.109,,2024-08-10 03:01:49.109,2,8,HB_10,aqfQc5yGC4,com.sec.android.app.shealth,1,ee80c06b-7247-49f4-acee-4a8cd967887e,0cbbb30b-31c6-4d7f-a41e-3d6712dfdd65,0,
,62710150,null,6,62710150,2024-08-10 03:01:49.109,,2024-08-10 03:01:49.109,2,7,HB_06,aqfQc5yGC4,com.sec.android.app.shealth,0,ee80c06b-7247-49f4-acee-4a8cd967887e,dd3225b4-297e-4906-91eb-448ae07dd542,0,
,62710150,null,3,62710150,2024-08-10 03:01:49.109,,2024-08-10 03:01:49.109,2,7,HB_03,aqfQc5yGC4,com.sec.android.app.shealth,0,ee80c06b-7247-49f4-acee-4a8cd967887e,63db46c9-26d8-4b6e-946e-4b1f3a1b3677,0,
,62710150,null,5,62710150,2024-08-10 03:01:49.109,,2024-08-10 03:01:49.109,2,7,HB_05,aqfQc5yGC4,com.sec.android.app.shealth,0,ee80c06b-7247-49f4-acee-4a8cd967887e,528f46e4-9b93-4bd0-a39c-76c17d2f0f52,0,
,62710150,null,10,62710150,2024-08-10 03:01:49.109,,2024-08-10 03:01:49.109,2,9,HB_10,aqfQc5yGC4,com.sec.android.app.shealth,1,ee80c06b-7247-49f4-acee-4a8cd967887e,55afaff5-987f-4272-8fab-b9ef0699848b,0,
,62710150,null,9,62710150,2024-08-10 03:01:49.109,,2024-08-10 03:01:49.109,2,8,HB_09,aqfQc5yGC4,com.sec.android.app.shealth,0,ee80c06b-7247-49f4-acee-4a8cd967887e,72e41b4e-4f55-4626-86ff-c7b249d69b0c,0,
,62710150,null,11,62710150,2024-08-10 03:01:49.108,,2024-08-10 03:01:49.108,2,6,HB_11,aqfQc5yGC4,com.sec.android.app.shealth,1,ee80c06b-7247-49f4-acee-4a8cd967887e,c5a88ec0-9b09-4c94-a620-69afad689ff7,0,
,62710150,null,11,62710150,2024-08-10 03:01:49.110,,2024-08-10 03:01:49.110,2,9,HB_11,aqfQc5yGC4,com.sec.android.app.shealth,0,ee80c06b-7247-49f4-acee-4a8cd967887e,afa413b1-5adf-4286-9454-8ddab3e1d4fd,0,
,62710150,null,5,62710150,2024-08-10 03:01:49.110,,2024-08-10 03:01:49.110,2,9,HB_05,aqfQc5yGC4,com.sec.android.app.shealth,0,ee80c06b-7247-49f4-acee-4a8cd967887e,d7aa87cb-695d-45ed-a9fa-bfd58125c03f,0,
,62710150,null,10,62710150,2024-08-10 03:01:49.108,,2024-08-10 03:01:49.108,2,7,HB_10,aqfQc5yGC4,com.sec.android.app.shealth,1,ee80c06b-7247-49f4-acee-4a8cd967887e,e0c590b3-446a-41d0-8f48-1f6ad8a0e5b2,0,
,62710150,null,9,62710150,2024-08-10 03:01:49.109,,2024-08-10 03:01:49.109,2,7,HB_09,aqfQc5yGC4,com.sec.android.app.shealth,0,ee80c06b-7247-49f4-acee-4a8cd967887e,da11ead6-743d-4950-ad77-4a06b212256f,0,
,62710150,null,8,62710150,2024-08-10 03:01:49.109,,2024-08-10 03:01:49.109,2,8,HB_08,aqfQc5yGC4,com.sec.android.app.shealth,0,ee80c06b-7247-49f4-acee-4a8cd967887e,2105b118-164b-4888-ab81-4abd76a9c35a,0,
,62710150,null,6,62710150,2024-08-10 03:01:49.110,,2024-08-10 03:01:49.110,2,10,HB_06,aqfQc5yGC4,com.sec.android.app.shealth,0,ee80c06b-7247-49f4-acee-4a8cd967887e,33091c83-c92f-4502-b0b3-ad153a550a6d,0,
,62710150,null,11,62710150,2024-08-10 03:01:49.109,,2024-08-10 03:01:49.109,2,8,HB_11,aqfQc5yGC4,com.sec.android.app.shealth,0,ee80c06b-7247-49f4-acee-4a8cd967887e,a87f3528-fc36-487b-97ce-2dac9907603a,0,
,62710150,null,3,62710150,2024-08-10 03:01:49.110,,2024-08-10 03:01:49.110,2,10,HB_03,aqfQc5yGC4,com.sec.android.app.shealth,0,ee80c06b-7247-49f4-acee-4a8cd967887e,e1284a13-a568-4e71-bbf7-9b01cf9e67e1,0,
,62710150,null,3,62710150,2024-08-10 03:01:49.109,,2024-08-10 03:01:49.109,2,8,HB_03,aqfQc5yGC4,com.sec.android.app.shealth,0,ee80c06b-7247-49f4-acee-4a8cd967887e,f21ba74e-efb5-49fd-8ce7-6730fa104725,0,
,62710150,null,8,62710150,2024-08-10 03:01:49.110,,2024-08-10 03:01:49.110,2,9,HB_08,aqfQc5yGC4,com.sec.android.app.shealth,0,ee80c06b-7247-49f4-acee-4a8cd967887e,acf6772a-fe6c-4e0f-9325-b2d9215258d1,0,
,62710150,null,10,62710150,2024-08-10 03:01:49.110,,2024-08-10 03:01:49.110,2,10,HB_10,aqfQc5yGC4,com.sec.android.app.shealth,1,ee80c06b-7247-49f4-acee-4a8cd967887e,446a6eb3-f46f-4f9a-b5ae-efd19d1c9810,0,
,62710150,null,6,62710150,2024-08-10 03:01:49.109,,2024-08-10 03:01:49.109,2,8,HB_06,aqfQc5yGC4,com.sec.android.app.shealth,0,ee80c06b-7247-49f4-acee-4a8cd967887e,431a5845-c433-4bf0-9ecf-a9b4bc8c76e1,0,
,62710150,null,5,62710150,2024-08-10 03:01:49.109,,2024-08-10 03:01:49.109,2,8,HB_05,aqfQc5yGC4,com.sec.android.app.shealth,0,ee80c06b-7247-49f4-acee-4a8cd967887e,3634093b-ff7f-4913-906d-fc3c3cb7e804,0,
,62710150,null,9,62710150,2024-08-10 03:01:49.110,,2024-08-10 03:01:49.110,2,9,HB_09,aqfQc5yGC4,com.sec.android.app.shealth,0,ee80c06b-7247-49f4-acee-4a8cd967887e,43d8af00-c3e9-436c-b9f9-e3a56fdf9335,0,
,62710150,null,5,62710150,2024-08-10 03:01:49.110,,2024-08-10 03:01:49.110,2,10,HB_05,aqfQc5yGC4,com.sec.android.app.shealth,0,ee80c06b-7247-49f4-acee-4a8cd967887e,0ad9c318-8876-4a1c-b16e-b296cf86409b,0,
,62710150,null,11,62710150,2024-08-10 03:01:49.110,,2024-08-10 03:01:49.110,2,10,HB_11,aqfQc5yGC4,com.sec.android.app.shealth,0,ee80c06b-7247-49f4-acee-4a8cd967887e,bdd0fbf6-f387-43aa-910f-5f9f9841fee1,0,
,62710150,null,6,62710150,2024-08-10 03:01:49.110,,2024-08-10 03:01:49.110,2,9,HB_06,aqfQc5yGC4,com.sec.android.app.shealth,0,ee80c06b-7247-49f4-acee-4a8cd967887e,26b8e00f-8cb8-49d5-97e2-37390314523b,0,
,62710150,null,11,62710150,2024-08-10 03:01:49.111,,2024-08-10 03:01:49.111,2,12,HB_11,aqfQc5yGC4,com.sec.android.app.shealth,0,ee80c06b-7247-49f4-acee-4a8cd967887e,b2dc3164-c95c-49d1-8807-367533ed387d,0,
,62710150,null,9,62710150,2024-08-10 03:01:49.110,,2024-08-10 03:01:49.110,2,10,HB_09,aqfQc5yGC4,com.sec.android.app.shealth,0,ee80c06b-7247-49f4-acee-4a8cd967887e,9d1c6e6d-9a44-4a38-adda-3f6776af2327,0,
,62710150,null,8,62710150,2024-08-10 03:01:49.111,,2024-08-10 03:01:49.111,2,11,HB_08,aqfQc5yGC4,com.sec.android.app.shealth,0,ee80c06b-7247-49f4-acee-4a8cd967887e,3d62a414-8259-4fa3-998a-fc1dc5bf1e47,0,
,62710150,null,3,62710150,2024-08-10 03:01:49.110,,2024-08-10 03:01:49.110,2,9,HB_03,aqfQc5yGC4,com.sec.android.app.shealth,0,ee80c06b-7247-49f4-acee-4a8cd967887e,88651e75-6ac5-4efc-8fd1-9b712767b352,0,
,62710150,null,3,62710150,2024-08-10 03:01:49.111,,2024-08-10 03:01:49.111,2,11,HB_03,aqfQc5yGC4,com.sec.android.app.shealth,0,ee80c06b-7247-49f4-acee-4a8cd967887e,f232c0a7-aa29-4cae-bcbb-d57bcf7bfe91,0,
,62710150,null,6,62710150,2024-08-10 03:01:49.111,,2024-08-10 03:01:49.111,2,11,HB_06,aqfQc5yGC4,com.sec.android.app.shealth,0,ee80c06b-7247-49f4-acee-4a8cd967887e,939f7484-5282-4923-942d-772a929c9b43,0,
,62710150,null,8,62710150,2024-08-10 03:01:49.111,,2024-08-10 03:01:49.111,2,12,HB_08,aqfQc5yGC4,com.sec.android.app.shealth,0,ee80c06b-7247-49f4-acee-4a8cd967887e,5d4cb1fe-196c-43c9-a753-4d54985fe45a,0,
,62710150,null,5,62710150,2024-08-10 03:01:49.111,,2024-08-10 03:01:49.111,2,12,HB_05,aqfQc5yGC4,com.sec.android.app.shealth,0,ee80c06b-7247-49f4-acee-4a8cd967887e,46ca4c0e-0eb2-4800-b3ff-5072fc8244b8,0,
,62710150,null,10,62710150,2024-08-10 03:01:49.111,,2024-08-10 03:01:49.111,2,13,HB_10,aqfQc5yGC4,com.sec.android.app.shealth,1,ee80c06b-7247-49f4-acee-4a8cd967887e,3c9126f4-c434-405f-be0d-20c7d8e7be3f,0,
,62710150,null,8,62710150,2024-08-10 03:01:49.110,,2024-08-10 03:01:49.110,2,10,HB_08,aqfQc5yGC4,com.sec.android.app.shealth,0,ee80c06b-7247-49f4-acee-4a8cd967887e,f1391b65-90a2-4b28-a211-c7eeaa6fd48e,0,
,62710150,null,11,62710150,2024-08-10 03:01:49.111,,2024-08-10 03:01:49.111,2,11,HB_11,aqfQc5yGC4,com.sec.android.app.shealth,0,ee80c06b-7247-49f4-acee-4a8cd967887e,efcd18b2-214e-4789-80a2-976e11cc9b36,0,
,62710150,null,10,62710150,2024-08-10 03:01:49.110,,2024-08-10 03:01:49.110,2,11,HB_10,aqfQc5yGC4,com.sec.android.app.shealth,1,ee80c06b-7247-49f4-acee-4a8cd967887e,55892c67-33ad-4326-80a4-0b841c60a6f4,0,
,62710150,null,11,62710150,2024-08-10 03:01:49.112,,2024-08-10 03:01:49.112,2,13,HB_11,aqfQc5yGC4,com.sec.android.app.shealth,0,ee80c06b-7247-49f4-acee-4a8cd967887e,7534ade6-3fc7-4fbb-9bb5-0f53cec8d445,0,
,62710150,null,6,62710150,2024-08-10 03:01:49.112,,2024-08-10 03:01:49.112,2,13,HB_06,aqfQc5yGC4,com.sec.android.app.shealth,0,ee80c06b-7247-49f4-acee-4a8cd967887e,b1ae55cd-7c51-499f-93d2-6011527a47e2,0,
,62710150,null,8,62710150,2024-08-10 03:01:49.112,,2024-08-10 03:01:49.112,2,14,HB_08,aqfQc5yGC4,com.sec.android.app.shealth,0,ee80c06b-7247-49f4-acee-4a8cd967887e,5aca9105-fb3c-4127-aa18-d4057a3529c6,0,
,62710150,null,9,62710150,2024-08-10 03:01:49.112,,2024-08-10 03:01:49.112,2,13,HB_09,aqfQc5yGC4,com.sec.android.app.shealth,0,ee80c06b-7247-49f4-acee-4a8cd967887e,06324e12-cdc1-42ae-95c3-ad29972a9457,0,
,62710150,null,3,62710150,2024-08-10 03:01:49.111,,2024-08-10 03:01:49.111,2,12,HB_03,aqfQc5yGC4,com.sec.android.app.shealth,0,ee80c06b-7247-49f4-acee-4a8cd967887e,19a278ef-6e37-4da9-ac8d-fe43db3fb7a3,0,
,62710150,null,8,62710150,2024-08-10 03:01:49.112,,2024-08-10 03:01:49.112,2,13,HB_08,aqfQc5yGC4,com.sec.android.app.shealth,0,ee80c06b-7247-49f4-acee-4a8cd967887e,3d1e28bb-ddaa-46eb-af1f-d94b4d77c413,0,
,62710150,null,5,62710150,2024-08-10 03:01:49.111,,2024-08-10 03:01:49.111,2,11,HB_05,aqfQc5yGC4,com.sec.android.app.shealth,0,ee80c06b-7247-49f4-acee-4a8cd967887e,15023f88-6228-444f-9056-3d41297ac4c9,0,
,62710150,null,10,62710150,2024-08-10 03:01:49.112,,2024-08-10 03:01:49.112,2,14,HB_10,aqfQc5yGC4,com.sec.android.app.shealth,1,ee80c06b-7247-49f4-acee-4a8cd967887e,5ebc9137-cc4b-4b33-824f-a33df526c663,0,
,62710150,null,9,62710150,2024-08-10 03:01:49.111,,2024-08-10 03:01:49.111,2,11,HB_09,aqfQc5yGC4,com.sec.android.app.shealth,0,ee80c06b-7247-49f4-acee-4a8cd967887e,3c372b8a-b0b5-4783-916d-66282f7f7e7e,0,
,62710150,null,6,62710150,2024-08-10 03:01:49.111,,2024-08-10 03:01:49.111,2,12,HB_06,aqfQc5yGC4,com.sec.android.app.shealth,0,ee80c06b-7247-49f4-acee-4a8cd967887e,f9ba0c5a-1a6c-4772-ab37-ac94afa7a9a0,0,
,62710150,null,10,62710150,2024-08-10 03:01:49.111,,2024-08-10 03:01:49.111,2,12,HB_10,aqfQc5yGC4,com.sec.android.app.shealth,1,ee80c06b-7247-49f4-acee-4a8cd967887e,2e9a8710-55af-4591-83bc-8fe8393546a5,0,
,62710150,null,3,62710150,2024-08-10 03:01:49.112,,2024-08-10 03:01:49.112,2,13,HB_03,aqfQc5yGC4,com.sec.android.app.shealth,0,ee80c06b-7247-49f4-acee-4a8cd967887e,dc0e39f1-c486-4931-b6cc-6678cfe96769,0,
,62710150,null,9,62710150,2024-08-10 03:01:49.111,,2024-08-10 03:01:49.111,2,12,HB_09,aqfQc5yGC4,com.sec.android.app.shealth,0,ee80c06b-7247-49f4-acee-4a8cd967887e,e7774f0f-380e-470f-a365-6d7277c03c74,0,
,62710150,null,11,62710150,2024-08-10 03:01:49.112,,2024-08-10 03:01:49.112,2,15,HB_11,aqfQc5yGC4,com.sec.android.app.shealth,1,ee80c06b-7247-49f4-acee-4a8cd967887e,5d4a49cb-2837-4d4f-a1b6-8bd97bfc88eb,0,
,62710150,null,8,62710150,2024-08-10 03:01:49.113,,2024-08-10 03:01:49.113,2,15,HB_08,aqfQc5yGC4,com.sec.android.app.shealth,0,ee80c06b-7247-49f4-acee-4a8cd967887e,45303af9-e06a-4f02-85a8-35592df3ba07,0,
,62710150,null,3,62710150,2024-08-10 03:01:49.112,,2024-08-10 03:01:49.112,2,14,HB_03,aqfQc5yGC4,com.sec.android.app.shealth,0,ee80c06b-7247-49f4-acee-4a8cd967887e,ce8ab628-50f7-4ca4-8153-d33a768117b8,0,
,62710150,null,5,62710150,2024-08-10 03:01:49.112,,2024-08-10 03:01:49.112,2,13,HB_05,aqfQc5yGC4,com.sec.android.app.shealth,0,ee80c06b-7247-49f4-acee-4a8cd967887e,2bf01342-79bb-4044-ae5f-dd78b1a9477d,0,
,62710150,null,9,62710150,2024-08-10 03:01:49.112,,2024-08-10 03:01:49.112,2,14,HB_09,aqfQc5yGC4,com.sec.android.app.shealth,0,ee80c06b-7247-49f4-acee-4a8cd967887e,7d5ea64e-3556-47b1-9bd2-4ba774650122,0,
,62710150,null,10,62710150,2024-08-10 03:01:49.112,,2024-08-10 03:01:49.112,2,15,HB_10,aqfQc5yGC4,com.sec.android.app.shealth,1,ee80c06b-7247-49f4-acee-4a8cd967887e,d093f835-b065-46b8-a4a2-0ef98f0f54cf,0,
,62710150,null,5,62710150,2024-08-10 03:01:49.113,,2024-08-10 03:01:49.113,2,15,HB_05,aqfQc5yGC4,com.sec.android.app.shealth,0,ee80c06b-7247-49f4-acee-4a8cd967887e,6a2b81ef-c679-4268-9bc0-c2ae687caf34,0,
,62710150,null,11,62710150,2024-08-10 03:01:49.113,,2024-08-10 03:01:49.113,2,16,HB_11,aqfQc5yGC4,com.sec.android.app.shealth,1,ee80c06b-7247-49f4-acee-4a8cd967887e,f40bbe16-58be-4ca3-ace7-cb6bf54d9239,0,
,62710150,null,6,62710150,2024-08-10 03:01:49.112,,2024-08-10 03:01:49.112,2,14,HB_06,aqfQc5yGC4,com.sec.android.app.shealth,0,ee80c06b-7247-49f4-acee-4a8cd967887e,3f583dce-0ca9-42df-8e30-8f04c04d75c9,0,
,62710150,null,10,62710150,2024-08-10 03:01:49.113,,2024-08-10 03:01:49.113,2,16,HB_10,aqfQc5yGC4,com.sec.android.app.shealth,1,ee80c06b-7247-49f4-acee-4a8cd967887e,ffa4ca3b-ac31-4616-89a1-737457c8f4bc,0,
,62710150,null,2,62710150,2024-08-10 03:01:49.112,,2024-08-10 03:01:49.112,2,14,HB_02,aqfQc5yGC4,com.sec.android.app.shealth,0,ee80c06b-7247-49f4-acee-4a8cd967887e,a31f3a90-471e-49d1-b7a1-2dec48ff2a83,0,
,62710150,null,11,62710150,2024-08-10 03:01:49.112,,2024-08-10 03:01:49.112,2,14,HB_11,aqfQc5yGC4,com.sec.android.app.shealth,1,ee80c06b-7247-49f4-acee-4a8cd967887e,ac547d3a-02d0-45ac-9fb6-69ae12965229,0,
,62710150,null,6,62710150,2024-08-10 03:01:49.114,,2024-08-10 03:01:49.114,2,16,HB_06,aqfQc5yGC4,com.sec.android.app.shealth,0,ee80c06b-7247-49f4-acee-4a8cd967887e,79c78a14-27e6-492f-a2b6-711630e1ec80,0,
,62710150,null,9,62710150,2024-08-10 03:01:49.114,,2024-08-10 03:01:49.114,2,16,HB_09,aqfQc5yGC4,com.sec.android.app.shealth,0,ee80c06b-7247-49f4-acee-4a8cd967887e,a9d040c3-8e95-4911-b2ae-696e3d0b2b47,0,
,62710150,null,3,62710150,2024-08-10 03:01:49.113,,2024-08-10 03:01:49.113,2,15,HB_03,aqfQc5yGC4,com.sec.android.app.shealth,0,ee80c06b-7247-49f4-acee-4a8cd967887e,bc8b96a1-5bcf-45a7-b7d9-40241e410466,0,
,62710150,null,5,62710150,2024-08-10 03:01:49.112,,2024-08-10 03:01:49.112,2,14,HB_05,aqfQc5yGC4,com.sec.android.app.shealth,0,ee80c06b-7247-49f4-acee-4a8cd967887e,468fe9e9-9543-4f6d-8267-c09e0b3586ca,0,
,62710150,null,8,62710150,2024-08-10 03:01:49.114,,2024-08-10 03:01:49.114,2,16,HB_08,aqfQc5yGC4,com.sec.android.app.shealth,0,ee80c06b-7247-49f4-acee-4a8cd967887e,e3711cbd-1d43-4c1d-bec1-92090e4b210c,0,
,62710150,null,11,62710150,2024-08-10 03:01:49.114,,2024-08-10 03:01:49.114,2,17,HB_11,aqfQc5yGC4,com.sec.android.app.shealth,1,ee80c06b-7247-49f4-acee-4a8cd967887e,b5384cd1-d1b0-4331-ad62-9e3079a48188,0,
,62710150,null,2,62710150,2024-08-10 03:01:49.113,,2024-08-10 03:01:49.113,2,16,HB_02,aqfQc5yGC4,com.sec.android.app.shealth,0,ee80c06b-7247-49f4-acee-4a8cd967887e,b9511332-9513-4014-a739-9e4d32d53298,0,
,62710150,null,9,62710150,2024-08-10 03:01:49.113,,2024-08-10 03:01:49.113,2,15,HB_09,aqfQc5yGC4,com.sec.android.app.shealth,0,ee80c06b-7247-49f4-acee-4a8cd967887e,554e2bda-a91b-47ae-8a92-69b7bd377e7b,0,
,62710150,null,3,62710150,2024-08-10 03:01:49.114,,2024-08-10 03:01:49.114,2,17,HB_03,aqfQc5yGC4,com.sec.android.app.shealth,0,ee80c06b-7247-49f4-acee-4a8cd967887e,a90c6329-8194-4a1d-ab46-cec146e92adb,0,
,62710150,null,2,62710150,2024-08-10 03:01:49.115,,2024-08-10 03:01:49.115,2,18,HB_02,aqfQc5yGC4,com.sec.android.app.shealth,0,ee80c06b-7247-49f4-acee-4a8cd967887e,c73a4556-e03f-4fc2-a076-d36dd9d7f9fb,0,
,62710150,null,5,62710150,2024-08-10 03:01:49.113,,2024-08-10 03:01:49.113,2,16,HB_05,aqfQc5yGC4,com.sec.android.app.shealth,0,ee80c06b-7247-49f4-acee-4a8cd967887e,1e574b84-2c4b-4e25-a902-d0cab53d200b,0,
,62710150,null,6,62710150,2024-08-10 03:01:49.113,,2024-08-10 03:01:49.113,2,15,HB_06,aqfQc5yGC4,com.sec.android.app.shealth,0,ee80c06b-7247-49f4-acee-4a8cd967887e,56c4e242-5844-4d2c-af34-774c9cd71138,0,
,62710150,null,5,62710150,2024-08-10 03:01:49.115,,2024-08-10 03:01:49.115,2,18,HB_05,aqfQc5yGC4,com.sec.android.app.shealth,0,ee80c06b-7247-49f4-acee-4a8cd967887e,d710e196-3d81-4cb0-b101-5593dfa56700,0,
,62710150,null,10,62710150,2024-08-10 03:01:49.115,,2024-08-10 03:01:49.115,2,18,HB_10,aqfQc5yGC4,com.sec.android.app.shealth,1,ee80c06b-7247-49f4-acee-4a8cd967887e,117a234e-e7a8-4646-a73e-ef91645eb6c2,0,
,62710150,null,8,62710150,2024-08-10 03:01:49.114,,2024-08-10 03:01:49.114,2,17,HB_08,aqfQc5yGC4,com.sec.android.app.shealth,0,ee80c06b-7247-49f4-acee-4a8cd967887e,f2b64b58-b662-42c3-8051-d56e5c01a479,0,
,62710150,null,10,62710150,2024-08-10 03:01:49.114,,2024-08-10 03:01:49.114,2,17,HB_10,aqfQc5yGC4,com.sec.android.app.shealth,1,ee80c06b-7247-49f4-acee-4a8cd967887e,337b0505-b8a1-41f9-a5dd-c28830ebafb3,0,
,62710150,null,3,62710150,2024-08-10 03:01:49.113,,2024-08-10 03:01:49.113,2,16,HB_03,aqfQc5yGC4,com.sec.android.app.shealth,0,ee80c06b-7247-49f4-acee-4a8cd967887e,8aadb40d-4511-479f-a7be-704a26e22382,0,
,62710150,null,9,62710150,2024-08-10 03:01:49.115,,2024-08-10 03:01:49.115,2,17,HB_09,aqfQc5yGC4,com.sec.android.app.shealth,0,ee80c06b-7247-49f4-acee-4a8cd967887e,e789df7c-544d-47ed-a8a6-6691fbc41225,0,
,62710150,null,8,62710150,2024-08-10 03:01:49.116,,2024-08-10 03:01:49.116,2,19,HB_08,aqfQc5yGC4,com.sec.android.app.shealth,0,ee80c06b-7247-49f4-acee-4a8cd967887e,77d6bee4-b211-4ac4-b703-a16ae6ccf626,0,
,62710150,null,6,62710150,2024-08-10 03:01:49.114,,2024-08-10 03:01:49.114,2,17,HB_06,aqfQc5yGC4,com.sec.android.app.shealth,0,ee80c06b-7247-49f4-acee-4a8cd967887e,7eaac12f-1f5f-466a-b609-2f8075cf302c,0,
,62710150,null,11,62710150,2024-08-10 03:01:49.115,,2024-08-10 03:01:49.115,2,18,HB_11,aqfQc5yGC4,com.sec.android.app.shealth,1,ee80c06b-7247-49f4-acee-4a8cd967887e,bfb51930-aec7-4959-b49f-d4052e46e954,0,
,62710150,null,5,62710150,2024-08-10 03:01:49.114,,2024-08-10 03:01:49.114,2,17,HB_05,aqfQc5yGC4,com.sec.android.app.shealth,0,ee80c06b-7247-49f4-acee-4a8cd967887e,3c17d25e-3cd3-4037-b2db-a3f02d6d2917,0,
,62710150,null,5,62710150,2024-08-10 03:01:49.116,,2024-08-10 03:01:49.116,2,19,HB_05,aqfQc5yGC4,com.sec.android.app.shealth,0,ee80c06b-7247-49f4-acee-4a8cd967887e,cf8c97ff-bd64-44f0-8563-12079a169b4d,0,
,62710150,null,10,62710150,2024-08-10 03:01:49.115,,2024-08-10 03:01:49.115,2,19,HB_10,aqfQc5yGC4,com.sec.android.app.shealth,1,ee80c06b-7247-49f4-acee-4a8cd967887e,dd1a5943-fa78-4eed-ac8b-be9e9127b688,0,
,62710150,null,3,62710150,2024-08-10 03:01:49.115,,2024-08-10 03:01:49.115,2,18,HB_03,aqfQc5yGC4,com.sec.android.app.shealth,0,ee80c06b-7247-49f4-acee-4a8cd967887e,7b5bf58e-8cb2-421a-8343-430d81d9f516,0,
,62710150,null,9,62710150,2024-08-10 03:01:49.116,,2024-08-10 03:01:49.116,2,19,HB_09,aqfQc5yGC4,com.sec.android.app.shealth,0,ee80c06b-7247-49f4-acee-4a8cd967887e,76bf6d62-4de8-427f-bc2a-d5d353580d72,0,
,62710150,null,6,62710150,2024-08-10 03:01:49.116,,2024-08-10 03:01:49.116,2,19,HB_06,aqfQc5yGC4,com.sec.android.app.shealth,0,ee80c06b-7247-49f4-acee-4a8cd967887e,2c9ca3b0-a3a8-456c-bad1-0fcdb8377e4a,0,
,62710150,null,11,62710150,2024-08-10 03:01:49.116,,2024-08-10 03:01:49.116,2,20,HB_11,aqfQc5yGC4,com.sec.android.app.shealth,1,ee80c06b-7247-49f4-acee-4a8cd967887e,e9140632-689a-424e-aca5-dcbaca19e839,0,
,62710150,null,8,62710150,2024-08-10 03:01:49.115,,2024-08-10 03:01:49.115,2,18,HB_08,aqfQc5yGC4,com.sec.android.app.shealth,0,ee80c06b-7247-49f4-acee-4a8cd967887e,07d6d977-01de-4954-a7de-71caf0cd3a55,0,
,62710150,null,8,62710150,2024-08-10 03:01:49.117,,2024-08-10 03:01:49.117,2,20,HB_08,aqfQc5yGC4,com.sec.android.app.shealth,0,ee80c06b-7247-49f4-acee-4a8cd967887e,d4b616c8-6352-4eaf-b5d8-70c0027b168b,0,
,62710150,null,11,62710150,2024-08-10 03:01:49.115,,2024-08-10 03:01:49.115,2,19,HB_11,aqfQc5yGC4,com.sec.android.app.shealth,1,ee80c06b-7247-49f4-acee-4a8cd967887e,c86a92a1-7850-4ad0-b3ed-d75d926b123e,0,
,62710150,null,10,62710150,2024-08-10 03:01:49.116,,2024-08-10 03:01:49.116,2,20,HB_10,aqfQc5yGC4,com.sec.android.app.shealth,1,ee80c06b-7247-49f4-acee-4a8cd967887e,5143a61d-0599-4c04-8bd2-1cad9f074644,0,
,62710150,null,9,62710150,2024-08-10 03:01:49.115,,2024-08-10 03:01:49.115,2,18,HB_09,aqfQc5yGC4,com.sec.android.app.shealth,0,ee80c06b-7247-49f4-acee-4a8cd967887e,d9d746cb-d355-4074-9fd3-994b1f6fe13c,0,
,62710150,null,6,62710150,2024-08-10 03:01:49.115,,2024-08-10 03:01:49.115,2,18,HB_06,aqfQc5yGC4,com.sec.android.app.shealth,0,ee80c06b-7247-49f4-acee-4a8cd967887e,ac5c1124-0922-41f4-a1e0-91278e530e98,0,
,62710150,null,6,62710150,2024-08-10 03:01:49.117,,2024-08-10 03:01:49.117,2,20,HB_06,aqfQc5yGC4,com.sec.android.app.shealth,0,ee80c06b-7247-49f4-acee-4a8cd967887e,ede0428e-1cb2-4936-b5ab-5de6c461c7a3,0,
,62710150,null,5,62710150,2024-08-10 03:01:49.117,,2024-08-10 03:01:49.117,2,20,HB_05,aqfQc5yGC4,com.sec.android.app.shealth,0,ee80c06b-7247-49f4-acee-4a8cd967887e,f17e1c1a-078e-4669-8d88-6a8fd810cd40,0,
,62710150,null,3,62710150,2024-08-10 03:01:49.116,,2024-08-10 03:01:49.116,2,19,HB_03,aqfQc5yGC4,com.sec.android.app.shealth,0,ee80c06b-7247-49f4-acee-4a8cd967887e,06113de4-5d0e-405f-8235-3916964ac0b7,0,
,62710150,null,3,62710150,2024-08-10 03:01:49.116,,2024-08-10 03:01:49.116,2,20,HB_03,aqfQc5yGC4,com.sec.android.app.shealth,0,ee80c06b-7247-49f4-acee-4a8cd967887e,2272b77f-fbaf-4269-b9ba-b63399d451eb,0,
,62710150,null,9,62710150,2024-08-10 03:01:49.117,,2024-08-10 03:01:49.117,2,20,HB_09,aqfQc5yGC4,com.sec.android.app.shealth,0,ee80c06b-7247-49f4-acee-4a8cd967887e,2d6a7e1c-8a47-4d90-bcb5-5de1321e34bf,0,
,62710150,null,2,62710150,2024-08-11 16:39:32.111,,2024-08-10 03:01:49.105,2,0,HB_02,aqfQc5yGC4,com.sec.android.app.shealth,0,ee80c06b-7247-49f4-acee-4a8cd967887e,e76141c4-151a-4e7f-aae9-57e007f78eeb,1,
,62710150,null,2,62710150,2024-08-12 05:44:07.481,,2024-08-10 03:01:49.105,2,1,HB_02,aqfQc5yGC4,com.sec.android.app.shealth,0,ee80c06b-7247-49f4-acee-4a8cd967887e,f2af64a1-5e0e-4bcb-8817-037c38426bd9,1,
,62710150,null,2,62710150,2024-08-13 05:59:37.262,,2024-08-10 03:01:49.106,2,2,HB_02,aqfQc5yGC4,com.sec.android.app.shealth,0,ee80c06b-7247-49f4-acee-4a8cd967887e,6d205c5a-b299-4a67-9370-e05a654f92c5,1,
,62710150,null,2,62710150,2024-08-15 15:33:31.762,,2024-08-10 03:01:49.107,2,4,HB_02,aqfQc5yGC4,com.sec.android.app.shealth,0,ee80c06b-7247-49f4-acee-4a8cd967887e,84989f01-4a8d-46ac-8476-265d909dd7d9,3,
,62710150,null,2,62710150,2024-08-15 15:33:31.915,,2024-08-10 03:01:49.107,2,3,HB_02,aqfQc5yGC4,com.sec.android.app.shealth,0,ee80c06b-7247-49f4-acee-4a8cd967887e,c7191cbf-2276-496b-904b-ca13ad1be5da,3,
,62710150,null,2,62710150,2024-08-16 16:15:33.168,,2024-08-10 03:01:49.107,2,5,HB_02,aqfQc5yGC4,com.sec.android.app.shealth,0,ee80c06b-7247-49f4-acee-4a8cd967887e,cfc912bc-6eb2-487e-85d0-bb5272d4e84a,1,
,62710150,null,10,62710150,2024-08-16 16:16:02.631,,2024-08-10 03:01:49.107,2,5,HB_10,aqfQc5yGC4,com.sec.android.app.shealth,1,ee80c06b-7247-49f4-acee-4a8cd967887e,fb72bdd8-8a3c-4fe4-9e67-cb740157e921,2,
,62710150,null,11,62710150,2024-08-16 16:16:03.528,,2024-08-10 03:01:49.107,2,5,HB_11,aqfQc5yGC4,com.sec.android.app.shealth,1,ee80c06b-7247-49f4-acee-4a8cd967887e,65ec159c-d478-4105-8785-51f95bddac63,2,
,62710150,null,3,62710150,2024-08-16 16:16:04.250,,2024-08-10 03:01:49.108,2,5,HB_03,aqfQc5yGC4,com.sec.android.app.shealth,0,ee80c06b-7247-49f4-acee-4a8cd967887e,bf7fc113-02ae-4281-bba8-8677a7c001bd,1,
,62710150,null,6,62710150,2024-08-16 16:16:06.697,,2024-08-10 03:01:49.108,2,5,HB_06,aqfQc5yGC4,com.sec.android.app.shealth,0,ee80c06b-7247-49f4-acee-4a8cd967887e,b0f34740-8827-496c-8342-6a1c4c32f799,1,
,62710150,null,5,62710150,2024-08-16 16:16:04.855,,2024-08-10 03:01:49.108,2,5,HB_05,aqfQc5yGC4,com.sec.android.app.shealth,0,ee80c06b-7247-49f4-acee-4a8cd967887e,8b38803f-a601-4540-aa84-c9120669ef74,1,
,62710150,null,2,62710150,2024-08-18 03:35:37.586,,2024-08-10 03:01:49.108,2,7,HB_02,aqfQc5yGC4,com.sec.android.app.shealth,1,ee80c06b-7247-49f4-acee-4a8cd967887e,644e6f53-3e91-4d01-8804-d424ed0dd215,3,
,62710150,null,2,62710150,2024-08-19 03:07:23.603,,2024-08-10 03:01:49.109,2,8,HB_02,aqfQc5yGC4,com.sec.android.app.shealth,1,ee80c06b-7247-49f4-acee-4a8cd967887e,70897521-f3bf-4ae4-9564-033e632b5f9f,1,
,62710150,null,2,62710150,2024-08-20 01:04:14.300,,2024-08-10 03:01:49.109,2,9,HB_02,aqfQc5yGC4,com.sec.android.app.shealth,1,ee80c06b-7247-49f4-acee-4a8cd967887e,619e9700-8f00-47ac-9f0b-0559a4e02a6a,3,
,62710150,null,2,62710150,2024-08-21 01:59:05.289,,2024-08-10 03:01:49.110,2,10,HB_02,aqfQc5yGC4,com.sec.android.app.shealth,1,ee80c06b-7247-49f4-acee-4a8cd967887e,71925968-c907-46d5-864b-e15a41022dad,3,
,62710150,null,2,62710150,2024-08-22 01:04:46.665,,2024-08-10 03:01:49.110,2,11,HB_02,aqfQc5yGC4,com.sec.android.app.shealth,1,ee80c06b-7247-49f4-acee-4a8cd967887e,8d149839-1e0b-4d7a-927c-f41faa874ad2,3,
,62710150,null,2,62710150,2024-08-23 01:00:59.899,,2024-08-10 03:01:49.111,2,12,HB_02,aqfQc5yGC4,com.sec.android.app.shealth,1,ee80c06b-7247-49f4-acee-4a8cd967887e,ccc5cd58-72e2-4d92-9a47-ae806497bf38,1,
,62710150,null,2,62710150,2024-08-24 03:11:03.302,,2024-08-10 03:01:49.111,2,13,HB_02,aqfQc5yGC4,com.sec.android.app.shealth,1,ee80c06b-7247-49f4-acee-4a8cd967887e,e7c32be1-320f-4dd9-8634-e31925228cb0,3,
,62710150,null,2,62710150,2024-08-26 03:24:16.246,,2024-08-10 03:01:49.112,2,15,HB_02,aqfQc5yGC4,com.sec.android.app.shealth,0,ee80c06b-7247-49f4-acee-4a8cd967887e,4cd4c78d-6708-4c94-be92-81cd64004a7c,3,
,62710150,null,2,62710150,2024-08-29 02:38:25.697,,2024-08-10 03:01:49.114,2,17,HB_02,aqfQc5yGC4,com.sec.android.app.shealth,0,ee80c06b-7247-49f4-acee-4a8cd967887e,36b4c0d5-345f-4b21-ae66-c07a9c6ebccf,3,
,62710150,null,2,62720090,2024-08-30 06:26:05.467,,2024-08-10 03:01:49.116,2,19,HB_02,aqfQc5yGC4,com.sec.android.app.shealth,0,ee80c06b-7247-49f4-acee-4a8cd967887e,9fa909cf-d5d0-4067-9eb9-e7b2b2329da9,3,
,62710150,null,2,62720090,2024-08-31 03:03:28.243,,2024-08-10 03:01:49.116,2,20,HB_02,aqfQc5yGC4,com.sec.android.app.shealth,0,ee80c06b-7247-49f4-acee-4a8cd967887e,0af5102e-3e7d-413e-b63f-bc2faacf2440,3,
