com.samsung.shealth.preferences,7006003,2
text_value,service_id,float_value,update_time,create_time,long_value,tag,blob_value,int_value,deviceuuid,pkg_name,double_value,datauuid
,,,2026-07-05 01:22:32.053,2025-05-23 01:16:41.823,,,,1,w4dMr03254,com.sec.android.app.shealth,,oobe.sensitive_data_available,
,,,2026-07-29 01:38:14.865,2025-05-23 01:16:41.842,,,,1,w4dMr03254,com.sec.android.app.shealth,,oobe.sensitive_data_agreement,
,,,2025-05-23 01:16:36.250,2025-05-23 01:16:41.843,,,,1,w4dMr03254,com.sec.android.app.shealth,,settings.location_agreement,
,,,2026-07-05 01:22:32.054,2025-05-23 01:16:41.868,,,,1,w4dMr03254,com.sec.android.app.shealth,,oobe.shd_access_authority_status,
,,,2026-07-29 01:38:17.056,2025-05-23 01:16:41.874,,,,0,w4dMr03254,com.sec.android.app.shealth,,settings.marketing_agreement,
,,,2025-05-23 01:16:51.455,2025-05-23 01:16:51.465,,,,0,w4dMr03254,com.sec.android.app.shealth,,boost.card.selected_category,
,,,2025-05-23 01:16:51.455,2025-05-23 01:16:51.468,1747963011455,,,,w4dMr03254,com.sec.android.app.shealth,,mow.selected_time,
0,,,2025-05-23 01:16:53.234,2025-05-23 01:16:53.326,,,,,w4dMr03254,com.sec.android.app.shealth,,34-badges.DB.update,
,,,2026-02-26 22:51:35.317,2025-05-23 01:16:53.449,1736878504483,,,,w4dMr03254,com.sec.android.app.shealth,,shealth.6.29.upgrade.date,
,,,2026-08-03 11:53:46.917,2021-08-26 03:18:41.339,,,,1,w4dMr03254,com.sec.android.app.shealth,,step.detectworkout_switch,
,tracker.exercise,,2021-08-26 13:02:43.010,2021-08-01 17:25:28.678,,,34-favorite_list.blob_value.json,,aqfQc5yGC4,com.sec.android.app.shealth,,34-favorite_list,
,tracker.exercise,,2021-08-26 13:03:53.681,2021-08-01 17:25:28.710,,,34-workout_list.blob_value.json,,aqfQc5yGC4,com.sec.android.app.shealth,,34-workout_list,
,,,2021-12-07 10:15:17.349,2021-10-07 03:29:53.770,,,,0,aqfQc5yGC4,com.sec.android.app.shealth,,weight.tracker_version,
,tracker.exercise,,2026-07-16 12:26:53.014,2023-07-23 06:43:47.853,,,34-favorite_list2.blob_value.json,,w4dMr03254,com.sec.android.app.shealth,,34-favorite_list2,
,tracker.exercise,,2023-07-31 07:29:18.958,2023-07-31 07:29:19.207,,,,1,aqfQc5yGC4,com.sec.android.app.shealth,,34-1001.autoPause.enable,
,tracker.exercise,,2025-06-25 01:20:22.285,2023-07-31 07:29:19.198,,,,1,w4dMr03254,com.sec.android.app.shealth,,34-during.audioGuide.enable,
,,,2025-08-22 01:38:58.449,2023-07-31 07:29:24.411,,,,1,w4dMr03254,com.sec.android.app.shealth,,settings.map_location_agreement,
,tracker.exercise,,2023-07-31 07:29:33.817,2023-07-31 07:29:33.893,,,,0,aqfQc5yGC4,com.sec.android.app.shealth,,34-15005.autoPause.enable,
,tracker.exercise,,2023-07-31 07:29:35.545,2023-07-31 07:29:35.549,,,,1,aqfQc5yGC4,com.sec.android.app.shealth,,34-15005.coaching.enable,
"{""distance"":1000.0,""duration"":600000,""enable"":true,""type"":""distance""}",tracker.exercise,,2023-07-31 07:29:39.053,2023-07-31 07:29:39.055,,,,,aqfQc5yGC4,com.sec.android.app.shealth,,34-15005.autoLap,
"{""distance"":1000.0,""duration"":600000,""enable"":true,""type"":""distance""}",tracker.exercise,,2023-07-31 07:29:39.047,2023-07-31 07:29:39.066,,,,,aqfQc5yGC4,com.sec.android.app.shealth,,34-.autoLap,
"{""calories"":300.0,""distance"":1000,""duration"":1800000,""enable"":false,""type"":0}",tracker.exercise,,2023-09-14 04:24:57.759,2023-07-31 07:29:35.036,,,,,aqfQc5yGC4,com.sec.android.app.shealth,,34-15005.target,
,tracker.exercise,,2023-09-14 04:24:44.828,2023-07-23 06:43:47.882,,,34-workout_list2.blob_value.json,,aqfQc5yGC4,com.sec.android.app.shealth,,34-workout_list2,
,tracker.exercise,,2023-09-14 04:55:01.823,2023-09-14 04:55:01.856,,,,1,aqfQc5yGC4,com.sec.android.app.shealth,,34-stats.on.locked.screen.enable,
,,,2024-07-13 09:02:46.823,2024-07-13 09:02:46.846,1720861366823,,,,aqfQc5yGC4,com.sec.android.app.shealth,,iap.selected_time,
,,,2024-07-13 09:02:42.167,2024-07-13 09:02:42.194,1720861362167,,,,aqfQc5yGC4,com.sec.android.app.shealth,,sb.selected_time,
,app.settings,,2024-07-24 08:21:07.041,2024-07-24 08:21:07.041,,,,0,Y4t2FxnDL4,com.sec.android.app.shealth,,72-wearable.is_child_account,
nimish.prabhu@gmail.com,app.settings,,2025-05-27 11:14:33.978,2024-07-24 08:21:07.214,,,,,KDw1iKzeM0,com.sec.android.app.shealth,,72-wearable.samsung_account_id,
,tracker.exercise,,2024-07-24 08:25:03.117,2024-07-24 08:25:03.117,,,34-exercise_multi_sports_list_order.blob_value.json,,Y4t2FxnDL4,com.sec.android.app.shealth,,34-exercise_multi_sports_list_order,
lyzkx7ce_1r7,tracker.exercise,,2024-07-24 08:25:03.411,2024-07-24 08:25:03.199,,,,,Y4t2FxnDL4,com.sec.android.app.shealth,,34-multi_sports_last_updated,
,tracker.exercise,,2024-07-24 08:25:40.988,2024-07-24 08:25:40.988,,,,1,Y4t2FxnDL4,com.sec.android.app.shealth,,34-gym.permission.hr.enable,
,tracker.exercise,,2024-07-24 08:25:41.020,2024-07-24 08:25:41.020,,,,1,Y4t2FxnDL4,com.sec.android.app.shealth,,34-gym.permission.profile.enable,
,tracker.sleep,,2026-03-31 00:56:19.417,2024-07-24 11:56:39.726,,,,1,w4dMr03254,com.sec.android.app.shealth,,06-snore_setting,
,,,2024-07-24 11:56:51.028,2024-07-24 11:56:51.050,,,,1,aqfQc5yGC4,com.sec.android.app.shealth,,sc.tile_init_state,
,tracker.sleep,,2024-07-25 01:36:06.462,2024-07-25 01:36:06.462,,,,1,aqfQc5yGC4,com.sec.android.app.shealth,,sleep_first_sleep_reward_not_shown,
,tracker.sleep,,2025-08-29 02:29:53.686,2024-07-27 02:13:15.559,,,,0,w4dMr03254,com.sec.android.app.shealth,,sleep_good_reward_not_shown,
,tracker.spo2,,2026-03-31 00:56:17.014,2021-08-22 04:09:47.213,,,,0,w4dMr03254,com.sec.android.app.shealth,,10-measure.period,
,,,2024-08-10 03:01:49.172,2024-08-10 03:01:49.177,,,,1,aqfQc5yGC4,com.sec.android.app.shealth,,sleep_coaching.trial_state,
,,,2024-08-10 03:01:05.408,2024-08-10 03:01:05.423,,,,1,aqfQc5yGC4,com.sec.android.app.shealth,,sc.symbol_trial_state,
,tracker.sleep,,2024-08-29 18:51:03.967,2024-08-29 18:51:03.978,,,,0,aqfQc5yGC4,com.sec.android.app.shealth,,06-snore.setting.option_new,
,tracker.sleep,,2026-03-31 00:56:19.416,2024-08-29 18:12:25.011,,,,1,w4dMr03254,com.sec.android.app.shealth,,06-snore_setting_new,
,tracker.sleep,,2026-03-31 00:56:21.094,2024-11-26 00:58:03.376,,,,1,w4dMr03254,com.sec.android.app.shealth,,06-skin_temp_enable,
,tracker.sleep,,2024-12-05 01:18:18.873,2024-12-05 01:18:18.873,,,,1,aqfQc5yGC4,com.sec.android.app.shealth,,sleep_three_day_reward_not_shown,
,tracker.cycle,,2025-01-04 01:44:50.104,2024-10-26 00:33:59.310,,,,1,aqfQc5yGC4,com.sec.android.app.shealth,,37-disclaimer_agreed,
,tracker.exercise,,2025-01-14 03:09:01.826,2024-10-24 20:26:10.240,,,,97,aqfQc5yGC4,com.sec.android.app.shealth,,34-exercise.last.rest.hr,
,,,2026-08-01 10:01:02.723,2023-10-29 02:36:28.485,,,water-target-settings.blob_value.json,,w4dMr03254,com.sec.android.app.shealth,,water-target-settings,
,tracker.sleep,,2026-08-01 01:36:05.795,2024-07-25 01:36:06.447,,,,1,w4dMr03254,com.sec.android.app.shealth,,sleep_excellent_reward_not_shown,
,,,2026-08-03 02:08:32.068,2024-07-05 01:49:13.035,,,sleep.watch_summary.blob_value.json,,w4dMr03254,com.sec.android.app.shealth,,sleep.watch_summary,
"{""1000"":""MF_15"",""9999"":""SB_12""}",,,2025-05-22 02:36:42.846,2024-07-20 15:52:59.074,,,,,aqfQc5yGC4,com.sec.android.app.shealth,,iap.last_exposed_card_ids,
"{""2000"":""MOW_16"",""4000"":""MOW_27"",""1000"":""CB_630_FC_4"",""3000"":""MOW_148"",""9999"":""MOW_39""}",,,2026-06-30 12:03:12.755,2025-05-23 01:45:54.018,,,,,w4dMr03254,com.sec.android.app.shealth,,mow.last_exposed_card_ids,
,tracker.age,,2026-02-26 15:19:12.517,2025-06-06 13:35:39.842,,,,1,w4dMr03254,com.sec.android.app.shealth,,44-age.last.labs.support,
,,,2025-06-05 05:31:17.829,2025-06-05 05:31:17.831,1749081600000,,,,w4dMr03254,com.sec.android.app.shealth,,34-streak.initiation.date,
"{""a"":19,""b"":1749118224553,""c"":1785749810805,""d"":""d7ec3bb6-b0c5-4016-8ae1-43fadc935850""}",tracker.exercise,,2026-08-03 05:23:01.527,2025-06-05 05:31:17.845,,,,,w4dMr03254,com.sec.android.app.shealth,,34-streak.week.info,
,tracker.spo2,,2025-06-30 17:29:33.281,2025-06-05 17:23:06.162,,,,91,w4dMr03254,com.sec.android.app.shealth,,10-measure.spo2_latest_manual_data,
mc05lwed_2xu,tracker.exercise,,2025-06-17 06:40:18.178,2025-06-17 06:40:18.178,,,,,w4dMr03254,com.sec.android.app.shealth,,34-exercise.periodization.active.id,
,tracker.exercise,,2025-06-25 01:20:22.286,2025-06-25 01:20:22.392,,,,0,w4dMr03254,com.sec.android.app.shealth,,34-15002.autoPause.enable,
1785778200000-1785780000000,tracker.sleep,,2026-08-03 01:07:17.047,2025-06-30 23:58:18.868,,,,,w4dMr03254,com.sec.android.app.shealth,,sleep_guidance_updated_bed_time,
9362.0,tracker.exercise,9362.0,2025-09-28 09:21:47.121,2025-07-01 05:14:27.403,,,,,w4dMr03254,com.sec.android.app.shealth,,34-1002.cumulative.distance,
0.0,,,2025-09-27 06:06:39.063,2025-07-01 05:14:27.409,,,,,w4dMr03254,com.sec.android.app.shealth,,34-11007.cumulative.distance,
,,,2026-08-03 01:28:42.020,2025-07-03 01:01:21.090,,,,1,w4dMr03254,com.sec.android.app.shealth,,vitality.oobe_seen,
,tracker.cycle,,2025-07-25 07:18:21.454,2025-07-25 07:18:21.454,,,,1,w4dMr03254,com.sec.android.app.shealth,,37-skin-temperature-dialog-shown,
"{""currentLevel"":1,""isInitTestCompleted"":false,""isJoined"":true,""isProgramFinished"":false,""isSurveyCompleted"":false,""todaySessionInfo"":{""isCompleted"":false,""isCompletedToday"":false,""isPassed"":false,""isSessionOpen"":false,""isTest"":true,""level"":0,""programType"":""INIT_TEST"",""sessionNum"":1,""totalDistance"":0.0}}",tracker.exercise,,2026-08-02 18:33:19.183,2025-08-17 01:35:36.382,,,,,NtSgKtj6xT,com.sec.android.app.shealth,,34-exercise.periodization.summary,
,tracker.exercise,,2025-08-22 01:38:52.022,2025-08-22 01:38:52.104,,,,1,w4dMr03254,com.sec.android.app.shealth,,34-1002.autoPause.enable,
,tracker.vascular_load,,2025-09-22 06:35:28.305,2025-09-22 06:35:28.309,,,,1,w4dMr03254,com.sec.android.app.shealth,,45-vascular.load.onboarding,
,tracker.vascular_load,,2025-12-26 01:15:51.434,2025-09-25 01:18:11.591,,,45-vascular.load.features.blob_value.json,,mP8yc45n7o,com.sec.android.app.shealth,,45-vascular.load.features,
,tracker.exercise,,2025-09-28 09:21:47.138,2025-09-28 09:21:47.142,,,,0,w4dMr03254,com.sec.android.app.shealth,,34-cumulative.values.reset,
,tracker.sleep,,2025-11-21 01:31:55.050,2025-11-21 01:24:07.751,,,,0,w4dMr03254,com.sec.android.app.shealth,,sleep_five_day_reward_not_shown,
,,,2026-08-03 05:29:26.098,2025-12-08 02:44:08.447,1785734966098,,,,w4dMr03254,com.sec.android.app.shealth,,hsp.sync_time_hsp_bg,
,,,2026-08-03 05:29:26.098,2025-12-08 02:44:08.482,1785734966098,,,,w4dMr03254,com.sec.android.app.shealth,,hsp.sync_time_hsp_bp,
,,,2026-08-03 05:29:48.232,2025-12-08 02:44:08.488,1785734988232,,,,w4dMr03254,com.sec.android.app.shealth,,hsp.sync_time_hsp_nutrition,
,,,2026-08-03 05:29:35.645,2025-12-08 02:44:08.490,1785734975645,,,,w4dMr03254,com.sec.android.app.shealth,,hsp.sync_time_hsp_a_session,
,,,2026-08-03 05:30:36.127,2025-12-08 02:44:33.144,1785735036127,,,,w4dMr03254,com.sec.android.app.shealth,,hsp.sync_time_hsp_bo,
,,,2026-08-03 05:30:36.173,2025-12-08 02:44:33.145,1785735036173,,,,w4dMr03254,com.sec.android.app.shealth,,hsp.sync_time_hsp_hr,
,,,2026-08-03 05:30:36.127,2025-12-08 02:44:33.146,1785735036127,,,,w4dMr03254,com.sec.android.app.shealth,,hsp.sync_time_hsp_weight,
,,,2026-08-03 05:30:36.139,2025-12-08 02:44:33.147,1785735036139,,,,w4dMr03254,com.sec.android.app.shealth,,hsp.sync_time_hsp_s_session,
,,,2026-08-03 11:53:47.153,2025-12-08 02:45:57.283,1785758022075,,,,w4dMr03254,com.sec.android.app.shealth,,hsp.sync_time_step,
,,,2026-08-03 04:32:17.859,2025-12-08 02:54:33.222,1785731537786,,,,w4dMr03254,com.sec.android.app.shealth,,hsp.sync_time_bp,
,,,2026-08-03 04:42:17.797,2025-12-08 03:04:34.060,1785732137765,,,,w4dMr03254,com.sec.android.app.shealth,,hsp.sync_time_bg,
,,,2026-08-03 04:52:17.835,2025-12-08 03:14:33.378,1785732737813,,,,w4dMr03254,com.sec.android.app.shealth,,hsp.sync_time_weight,
,,,2026-08-03 05:02:19.154,2025-12-08 03:24:33.185,1785733339128,,,,w4dMr03254,com.sec.android.app.shealth,,hsp.sync_time_bo,
,,,2026-08-03 05:12:19.132,2025-12-08 03:34:33.446,1785733939120,,,,w4dMr03254,com.sec.android.app.shealth,,hsp.sync_time_sleep_session,
,,,2026-08-03 05:22:17.998,2025-12-08 03:44:33.243,1785734537803,,,,w4dMr03254,com.sec.android.app.shealth,,hsp.sync_time_heart_rate,
,,,2026-08-03 05:32:17.797,2025-12-08 03:54:33.299,1785735137765,,,,w4dMr03254,com.sec.android.app.shealth,,hsp.sync_time_nutrition,
,,,2026-08-03 05:42:17.799,2025-12-08 04:04:33.142,1785735737783,,,,w4dMr03254,com.sec.android.app.shealth,,hsp.sync_time_exercise,
,,,2026-01-25 14:40:05.434,2026-01-25 14:40:05.437,,,,0,w4dMr03254,com.sec.android.app.shealth,,together.setting_exposure_level,
,,,2026-01-25 14:40:05.434,2026-01-25 14:40:05.443,,,,1,w4dMr03254,com.sec.android.app.shealth,,together.setting_gc_invitation,
,,,2026-01-25 14:40:05.434,2026-01-25 14:40:05.445,,,,0,w4dMr03254,com.sec.android.app.shealth,,together.setting_ld_auto_addition,
"[{""tileId"":27,""selectedItems"":""STEPS|HEART_RATE|STRESS|SLEEP_SCORE""}]",tile.healthSummary,,2026-04-01 05:22:21.667,2026-04-01 05:22:21.667,,,,,NtSgKtj6xT,com.sec.android.app.shealth,,77-selected.items.new,
"{""vo2Max"":39.6,""vo2maxTimestamp"":1781155108975,""weight"":0}",tracker.exercise,,2026-06-11 05:18:29.342,2026-04-04 05:15:06.885,,,,,NtSgKtj6xT,com.sec.android.app.shealth,,34-exercise.vo2max,
,tracker.sleep,,2026-07-25 16:12:49.606,2026-06-14 00:57:46.275,25200000,,,,w4dMr03254,com.sec.android.app.shealth,,sleep_guidance_user_wakeup_time,
,,,2026-06-27 07:46:23.602,2026-06-27 07:46:23.604,1782546383602,,,,w4dMr03254,com.sec.android.app.shealth,,websync.strava_last_sync_time,
,tracker.sleep,,2026-07-02 17:43:39.910,2026-07-02 17:43:40.677,,,,1,w4dMr03254,com.sec.android.app.shealth,,06-snore_setting_new_2,
,tracker.hearing,,2026-08-02 16:59:40.009,2026-07-02 17:43:40.709,,,,0,w4dMr03254,com.sec.android.app.shealth,,84-hearing.sound_monitoring.enabled,
,tracker.blood_pressure_trend,,2026-08-03 01:28:40.114,2026-07-02 17:43:40.984,,,,0,w4dMr03254,com.sec.android.app.shealth,,47-blood.pressure.trend.enabled,
,,,2026-07-02 17:43:40.957,2026-07-02 17:43:41.024,,,vitals.service_has_capabilities.blob_value.json,,w4dMr03254,com.sec.android.app.shealth,,vitals.service_has_capabilities,
,tracker.sleep,,2026-07-02 18:34:21.728,2026-07-02 18:34:21.730,,,,0,w4dMr03254,com.sec.android.app.shealth,,06-snore.setting.option_new_2,
,app.settings,,2026-08-03 11:53:46.877,2026-07-03 01:38:47.032,,,,1,w4dMr03254,com.sec.android.app.shealth,,72-lab.enable.age,
,,,2026-07-03 01:48:50.451,2026-07-03 01:48:50.466,,,vitals.oobe_completed.blob_value.json,,w4dMr03254,com.sec.android.app.shealth,,vitals.oobe_completed,
,,,2026-07-03 01:49:44.740,2026-07-03 01:49:44.757,,,vitals.about_card_visit_completed.blob_value.json,,w4dMr03254,com.sec.android.app.shealth,,vitals.about_card_visit_completed,
,tracker.exercise,0.8333334,2026-08-03 05:23:01.448,2026-07-03 06:57:34.900,,,,,w4dMr03254,com.sec.android.app.shealth,,34-13001.latest_records_avg_speed,
,tracker.exercise,1.1111112,2026-08-03 05:23:01.479,2026-07-03 06:57:34.927,,,,,w4dMr03254,com.sec.android.app.shealth,,34-1008.latest_records_avg_speed,
,tracker.exercise,1.25,2026-08-03 05:23:01.523,2026-07-03 06:57:34.944,,,,,w4dMr03254,com.sec.android.app.shealth,,34-1001.latest_records_avg_speed,
,tracker.exercise,2.2222223,2026-08-03 05:23:01.550,2026-07-03 06:57:34.956,,,,,w4dMr03254,com.sec.android.app.shealth,,34-1002.latest_records_avg_speed,
,tracker.exercise,5.0,2026-08-03 05:23:01.571,2026-07-03 06:57:34.977,,,,,w4dMr03254,com.sec.android.app.shealth,,34-11007.latest_records_avg_speed,
,tracker.exercise,,2026-07-30 01:52:41.367,2026-07-07 05:07:16.225,,,,,w4dMr03254,com.sec.android.app.shealth,,34-periodization.reminder.time,
,,,2026-07-25 06:19:16.584,2026-07-25 06:19:16.596,,,,1,w4dMr03254,com.sec.android.app.shealth,,program.pfi_intro_complete,
,tracker.sleep,,2026-07-31 01:33:07.016,2026-07-31 01:32:36.538,,,,0,w4dMr03254,com.sec.android.app.shealth,,sleep_seven_day_reward_not_shown,
