com.samsung.shealth.best_records,7006003,3
source_id,device_type,update_time,create_time,source_pkg_name,date,type,value,is_shown,extra_data,extra_type,deviceuuid,pkg_name,controller_id,datauuid
9746bf36-536c-9488-c3fd-23e9fad59299,-1,2023-06-19 01:19:49.608,2021-04-02 05:43:44.222,,1617355530320,1,3601787.0,,,-1,e/aPUWpNiJ,com.sec.android.app.shealth,tracker.sport_running,586a4fa8-f998-4628-bfb3-40bd15882ea5,
e039bac9-3ff2-3bca-51df-d6b161e98e22,-1,2023-06-19 01:19:49.619,2021-04-02 05:43:46.092,,1614936267460,1,2701849.0,,,15005,e/aPUWpNiJ,com.sec.android.app.shealth,tracker.sport_others,56b6a948-fada-4eb4-8409-1ace2803fa17,
9746bf36-536c-9488-c3fd-23e9fad59299,-1,2023-06-19 01:19:49.608,2021-04-02 05:43:44.792,,1617355530320,3,5733.398,,,-1,e/aPUWpNiJ,com.sec.android.app.shealth,tracker.sport_running,21163876-59dc-46da-bdb5-69ac79abcced,
314c8556-348b-5d29-e052-11a87ba143a2,-1,2023-06-19 01:19:49.602,2021-04-02 05:43:47.477,,1615972813050,3,4065.972,,,15005,e/aPUWpNiJ,com.sec.android.app.shealth,tracker.sport_others,1935911e-3bbf-4554-b30e-9005a9fae3ff,
4cef2fe0-c98a-d5da-b421-d41fde1ced38,-1,2023-06-19 01:19:49.603,2021-09-28 05:18:15.914,,1632820111700,1,4542200.0,,,15002,aqfQc5yGC4,com.sec.android.app.shealth,tracker.sport_others,39257567-4667-4a88-9869-b06df7286e91,
cdf7bfb2-3fc3-8716-eaff-21f13c3d5dc9,-1,2023-06-19 01:19:49.617,2021-04-02 05:43:46.643,,1615542737700,2,435.093,,,15005,e/aPUWpNiJ,com.sec.android.app.shealth,tracker.sport_others,164255d9-4450-431e-87e8-304104f43eb9,
e039bac9-3ff2-3bca-51df-d6b161e98e22,-1,2023-06-19 01:19:49.619,2021-04-02 05:43:45.937,,1614936267460,4,3.258,,,15005,e/aPUWpNiJ,com.sec.android.app.shealth,tracker.sport_others,34f32368-ec09-4c16-9d94-36e214300259,
e039bac9-3ff2-3bca-51df-d6b161e98e22,-1,2023-06-19 01:19:49.619,2021-04-02 05:43:46.195,,1614936267460,2,416.375,,,15005,e/aPUWpNiJ,com.sec.android.app.shealth,tracker.sport_others,13372a60-689e-4386-8fe8-963260ead07e,
9746bf36-536c-9488-c3fd-23e9fad59299,-1,2023-06-19 01:19:49.608,2021-04-02 05:43:43.982,,1617355530320,4,3.34,,,-1,e/aPUWpNiJ,com.sec.android.app.shealth,tracker.sport_running,f581df1d-7384-4f88-9c64-6b0642ee704f,
f25ea950-6cc4-e589-0847-28fcd454873e,-1,2023-06-19 01:19:49.621,2021-08-12 04:41:33.976,,1628758838800,1,3699249.0,,,15005,aqfQc5yGC4,com.sec.android.app.shealth,tracker.sport_others,6498b1e3-eeff-48a0-820a-1b644e0b21c0,
60780c49-bd5d-1715-2391-be3ba6cac84d,-1,2023-06-19 01:19:49.605,2021-09-09 05:05:06.439,,1631179435780,1,4048419.0,,,15002,aqfQc5yGC4,com.sec.android.app.shealth,tracker.sport_others,3e9fe983-740c-4cfd-892c-d2b9873237f0,
b4ced4f8-9d5a-db8b-e86d-6fe50a812394,-1,2023-06-19 01:19:49.613,2022-06-07 05:28:29.831,,1654594066030,1,5435690.0,,,15002,aqfQc5yGC4,com.sec.android.app.shealth,tracker.sport_others,9e739708-e39f-4aa6-9770-7c0e90be2ffd,
b8d45593-4ddf-2932-1799-a955106ee900,-1,2023-06-19 01:19:49.615,2021-08-28 05:31:27.817,,1630144264410,1,3941240.0,,,15002,aqfQc5yGC4,com.sec.android.app.shealth,tracker.sport_others,1a8ff815-3cf8-4bb6-99ce-9ced49411bad,
1291f47c-280f-105e-6caf-79dfbe75e81a,-1,2023-06-19 01:19:49.595,2021-06-24 04:37:02.721,,1624525504350,1,3628849.0,,,15005,aqfQc5yGC4,com.sec.android.app.shealth,tracker.sport_others,10c84318-48f2-4c7c-a4d8-a038ab416ab5,
9746bf36-536c-9488-c3fd-23e9fad59299,-1,2023-06-19 01:19:49.608,2021-04-02 05:43:44.541,,1617355530320,2,744.31,,,-1,e/aPUWpNiJ,com.sec.android.app.shealth,tracker.sport_running,b330c744-bf98-46be-b40a-240bde63333b,
81612f57-a34d-7c6b-4a24-387051f5490b,-1,2023-06-19 01:19:49.606,2021-09-23 04:46:28.044,,1632388566590,4,3.452,,,15005,aqfQc5yGC4,com.sec.android.app.shealth,tracker.sport_others,e2556238-9e86-4562-8ff9-c1023fd55bdc,
a07a3d31-2c89-25d4-3c94-7f5dc558a798,-1,2023-06-19 01:19:49.610,2022-05-02 05:04:27.496,,1651482979020,1,4680380.0,,,15002,aqfQc5yGC4,com.sec.android.app.shealth,tracker.sport_others,9dd38c84-d110-4d23-b2bc-c9f3c2ae1a94,
cdf7bfb2-3fc3-8716-eaff-21f13c3d5dc9,-1,2023-06-19 01:19:49.617,2021-04-02 05:43:46.542,,1615542737700,1,2853680.0,,,15005,e/aPUWpNiJ,com.sec.android.app.shealth,tracker.sport_others,21f8bd94-c3c7-4ad8-ad77-f4fa34422524,
e039bac9-3ff2-3bca-51df-d6b161e98e22,-1,2023-06-19 01:19:49.619,2021-04-02 05:43:46.293,,1614936267460,3,3894.328,,,15005,e/aPUWpNiJ,com.sec.android.app.shealth,tracker.sport_others,bb58dfa6-7b09-463e-b28d-d733cb5fd065,
b49045fc-58ff-912a-5588-47b16aa856ac,-1,2023-07-06 05:24:05.575,2023-07-06 05:24:05.575,,1688635303990,1,5509630.0,,,15005,aqfQc5yGC4,com.sec.android.app.shealth,tracker.sport_others,de0d8295-6014-422c-9d48-e60fd306ab2d,
,-100003,2026-08-02 20:52:19.635,2024-10-24 20:26:05.394,,1625184000000,0,15096.0,0,,-1,VfS0qUERdZ,com.sec.android.app.shealth,tracker.pedometer,3ebd39c0-02b4-4bf2-80c0-c692c7e4f81b,
,-100003,2026-08-02 20:52:19.638,2024-10-24 20:26:05.626,,1646870400000,0,16597.0,0,,-1,VfS0qUERdZ,com.sec.android.app.shealth,tracker.pedometer,dc3654a6-cb81-4506-a0bc-f3ac257327f8,
,-100003,2026-08-02 20:52:19.619,2024-10-24 20:26:05.070,,1569888000000,0,8615.0,0,,-1,VfS0qUERdZ,com.sec.android.app.shealth,tracker.pedometer,e59ab822-fcb3-4da4-acb3-66a415f987c5,
,-100003,2026-08-02 20:52:19.625,2024-10-24 20:26:05.131,,1571270400000,0,9234.0,0,,-1,VfS0qUERdZ,com.sec.android.app.shealth,tracker.pedometer,3c484651-89b7-4f5b-b4b4-e80857197c64,
,-100003,2026-08-02 20:52:19.628,2024-10-24 20:26:05.193,,1579046400000,0,11772.0,0,,-1,VfS0qUERdZ,com.sec.android.app.shealth,tracker.pedometer,fd8c0dae-3592-49a1-b0ee-aa280d2fdce4,
,-100003,2026-08-02 20:52:19.630,2024-10-24 20:26:05.285,,1581379200000,0,11850.0,0,,-1,VfS0qUERdZ,com.sec.android.app.shealth,tracker.pedometer,9cf13d7b-1881-4465-bee4-eca1ccc7ed43,
,-100003,2026-08-02 20:52:19.633,2024-10-24 20:26:05.310,,1624406400000,0,11851.0,0,,-1,VfS0qUERdZ,com.sec.android.app.shealth,tracker.pedometer,5a142e82-a179-4743-b45a-41b62cc71401,
,-1,2026-08-02 16:59:42.248,2024-10-24 20:26:20.390,,1690416000000,6,152.0,0,,-1,VfS0qUERdZ,com.sec.android.app.shealth,tracker.floor,1a35b676-940c-490e-807d-6bb3dbd351a2,
,-1,2026-08-02 16:59:42.236,2024-10-24 20:26:19.877,,1628035200000,6,44.0,0,,-1,VfS0qUERdZ,com.sec.android.app.shealth,tracker.floor,37eac5a1-3804-4103-8788-e0c6c867288a,
,-1,2026-08-02 16:59:42.240,2024-10-24 20:26:19.943,,1652832000000,6,112.0,0,,-1,VfS0qUERdZ,com.sec.android.app.shealth,tracker.floor,1af3bdb1-7d5c-41cc-8e1d-a996d423e27e,
,-1,2026-08-02 16:59:42.242,2024-10-24 20:26:20.005,,1654041600000,6,122.0,0,,-1,VfS0qUERdZ,com.sec.android.app.shealth,tracker.floor,fb304d97-805b-429e-b5f1-43d0da510395,
,-1,2026-08-02 16:59:42.245,2024-10-24 20:26:20.181,,1678147200000,6,134.0,0,,-1,VfS0qUERdZ,com.sec.android.app.shealth,tracker.floor,4c587cd9-3773-4e30-ac70-74d9bd6720de,
,-100003,2026-08-02 20:52:19.640,2025-06-27 18:30:00.344,,1750982400000,0,16890.0,0,,-1,VfS0qUERdZ,com.sec.android.app.shealth,tracker.pedometer,2caabbf6-e04e-4eb7-bec6-88b7df0f4af7,
,-100003,2026-08-02 20:52:19.642,2025-10-12 01:03:29.804,,1760140800000,0,19249.0,0,,-1,VfS0qUERdZ,com.sec.android.app.shealth,tracker.pedometer,ce60d89f-1474-49b8-864d-b6780f6e2e61,
